Id,Expected
0,11
1,13
2,78
3,2
4,7
5,39
6,1
7,448
8,1
9,0
10,9
11,31
12,9
13,49
14,0
15,123
16,9
17,80
18,214
19,4
20,15
21,1
22,5
23,0
24,111
25,55
26,0
27,12
28,149
29,5
30,13
31,15
32,0
33,2
34,9
35,37
36,6
37,11
38,3
39,6
40,86
41,62
42,2
43,0
44,32
45,6
46,1
47,29
48,3
49,1
50,3
51,28
52,7
53,5
54,1
55,1
56,8
57,44
58,4
59,1
60,50
61,1
62,36
63,38
64,15
65,2
66,11
67,1
68,2
69,178
70,145
71,2
72,2
73,11
74,0
75,1
76,2
77,1
78,54
79,37
80,5
81,1
82,4
83,26
84,0
85,0
86,28
87,5
88,28
89,894
90,25
91,2
92,4
93,5
94,1
95,5
96,3
97,3
98,4
99,12
100,10
101,18
102,6
103,4
104,11
105,22
106,1
107,0
108,22
109,4
110,0
111,176
112,0
113,13
114,252
115,19
116,14
117,212
118,4
119,0
120,7
121,2
122,13
123,39
124,0
125,75
126,3
127,10
128,17
129,9
130,1
131,14
132,9
133,1
134,1
135,76
136,27
137,11
138,1
139,25
140,8
141,10
142,2
143,1
144,4
145,27
146,3
147,5
148,5
149,24
150,0
151,1
152,3
153,12
154,0
155,0
156,79
157,2
158,77
159,2
160,1
161,53
162,20
163,26
164,24
165,0
166,4
167,3
168,7
169,1
170,14
171,11
172,5
173,1
174,86
175,14
176,40
177,0
178,12
179,243
180,11
181,21
182,5
183,1
184,3
185,303
186,3
187,2
188,11
189,2
190,100
191,1
192,39
193,30
194,9
195,12
196,1
197,80
198,10
199,10
200,121
201,5
202,1
203,165
204,8
205,11
206,10
207,0
208,163
209,0
210,6
211,6
212,171
213,9
214,6
215,1
216,11
217,1
218,25
219,2
220,4
221,78
222,1
223,7
224,39
225,1
226,1
227,27
228,34
229,0
230,50
231,1
232,1
233,7
234,131
235,0
236,9
237,18
238,0
239,2
240,12
241,2
242,5
243,1
244,5
245,1671
246,7
247,5
248,0
249,34
250,1
251,7
252,30
253,5
254,126
255,5
256,67
257,5
258,25
259,1
260,0
261,2
262,33
263,3
264,25
265,44
266,8
267,4
268,2
269,0
270,14
271,4
272,23
273,2
274,2
275,3
276,224
277,138
278,68
279,3
280,4
281,1
282,85
283,1
284,1
285,5
286,8
287,1
288,63
289,2
290,199
291,10
292,5
293,97
294,21
295,4
296,1
297,0
298,25
299,47
300,5
301,0
302,1
303,111
304,4
305,10
306,21
307,6
308,1
309,18
310,1887
311,18
312,59
313,2
314,6
315,206
316,2
317,6
318,121
319,0
320,2
321,169
322,2
323,227
324,8
325,1
326,21
327,16
328,3
329,2
330,15
331,4
332,9
333,100
334,411
335,9
336,308
337,133
338,34
339,8
340,4
341,319
342,9
343,5
344,4
345,165
346,1
347,10
348,45
349,20
350,0
351,53
352,4
353,7
354,22
355,0
356,491
357,2
358,0
359,73
360,2
361,32
362,9
363,25
364,4
365,5
366,3
367,14
368,102
369,5
370,3
371,229
372,1
373,22
374,0
375,3
376,22
377,7
378,4
379,64
380,4
381,1
382,99
383,103
384,2
385,0
386,199
387,4
388,4
389,53
390,34
391,2
392,4
393,21
394,2
395,0
396,37
397,3
398,2
399,45
400,2
401,19
402,579
403,1
404,1
405,10
406,1
407,0
408,55
409,1
410,2
411,11
412,64
413,183
414,0
415,1
416,14
417,212
418,12
419,471
420,9
421,1
422,155
423,4
424,37
425,0
426,2
427,5
428,4
429,62
430,7
431,4
432,1
433,156
434,0
435,8
436,749
437,2
438,23
439,14
440,16
441,9
442,28
443,13
444,20
445,2
446,13
447,20
448,0
449,13
450,1
451,2
452,0
453,3
454,270
455,148
456,0
457,2
458,1
459,68
460,12
461,33
462,0
463,6
464,1
465,31
466,16
467,20
468,1
469,1
470,12
471,0
472,18
473,8
474,8
475,590
476,1
477,126
478,38
479,10
480,3
481,108
482,21
483,52
484,7
485,7
486,16
487,0
488,7
489,4
490,1
491,4
492,108
493,3
494,15
495,8
496,40
497,28
498,1
499,0
500,3
501,2
502,65
503,11
504,12
505,0
506,27
507,5
508,437
509,21
510,3
511,124
512,38
513,114
514,69
515,713
516,1
517,11
518,6
519,5
520,23
521,17
522,9
523,31
524,1
525,1
526,1
527,7
528,38
529,24
530,8
531,6
532,1
533,13
534,1
535,1129
536,0
537,31
538,1
539,73
540,1
541,208
542,1
543,0
544,1
545,464
546,19
547,44
548,3
549,648
550,6
551,1
552,5
553,2
554,51
555,5
556,37
557,73
558,0
559,9
560,13
561,2829
562,4
563,9
564,0
565,1
566,15
567,5
568,555
569,2
570,1
571,2
572,2
573,13
574,1
575,4
576,69
577,26
578,27
579,62
580,2
581,3
582,82
583,2
584,11
585,1
586,1
587,4
588,3
589,3
590,108
591,1
592,1
593,8
594,4
595,2
596,1
597,4
598,7
599,7
600,0
601,24
602,17
603,118
604,991
605,4
606,19
607,61
608,1
609,12
610,4
611,5
612,0
613,20
614,10
615,16
616,4
617,4
618,0
619,476
620,5
621,5
622,90
623,10
624,4
625,5
626,32
627,0
628,1
629,0
630,86
631,34
632,22
633,19
634,5
635,138
636,55
637,5
638,416
639,3
640,6
641,1
642,5
643,33
644,7
645,9
646,3
647,28
648,54
649,0
650,2
651,1
652,3
653,0
654,6
655,72
656,10
657,535
658,6
659,10
660,3
661,47
662,9
663,2
664,12
665,0
666,13
667,136
668,5
669,0
670,62
671,2
672,3
673,13
674,2
675,0
676,9
677,1
678,3
679,7
680,0
681,11
682,1
683,1
684,28
685,14
686,5
687,8
688,4
689,16
690,5
691,2
692,5
693,5
694,2
695,6
696,1
697,3
698,2
699,3
700,3
701,4
702,28
703,11
704,1
705,12
706,3
707,19
708,22
709,1
710,13
711,60
712,8
713,97
714,11
715,19
716,82
717,17
718,1
719,3
720,12
721,43
722,4
723,2
724,1
725,1
726,3
727,1
728,5
729,0
730,23
731,326
732,17
733,4
734,1
735,4
736,11
737,2
738,69
739,2
740,515
741,22
742,50
743,101
744,12
745,27
746,9
747,716
748,1
749,2
750,0
751,24
752,6
753,5
754,185
755,8
756,114
757,4
758,2
759,1
760,22
761,76
762,74
763,42
764,7
765,99
766,46
767,0
768,7
769,0
770,0
771,4
772,352
773,19
774,23
775,0
776,6
777,5
778,3
779,4
780,29
781,4
782,196
783,5
784,2
785,33
786,12
787,76
788,14
789,27
790,2
791,0
792,2
793,35
794,104
795,28
796,1
797,6
798,14
799,49
800,1
801,11
802,1
803,9
804,13
805,22
806,310
807,9
808,7
809,100
810,83
811,1420
812,8
813,11
814,401
815,60
816,17
817,14
818,5
819,9
820,4
821,6
822,1
823,135
824,12
825,16
826,1
827,10
828,20
829,0
830,3
831,13
832,1
833,16
834,4
835,3
836,5
837,19
838,99
839,1
840,0
841,5
842,10
843,23
844,13
845,28
846,2
847,0
848,1
849,4
850,14
851,1
852,8
853,6
854,1
855,2
856,2
857,10
858,95
859,4
860,1
861,10
862,4
863,44
864,221
865,3
866,44
867,1
868,21
869,1
870,67
871,1
872,95
873,79
874,1
875,0
876,1
877,5
878,18
879,6
880,0
881,36
882,5
883,6
884,11
885,50
886,13
887,4
888,8
889,3
890,4
891,1
892,49
893,10
894,13
895,6
896,2
897,71
898,4
899,1
900,9
901,7
902,3
903,1
904,467
905,1
906,2
907,2
908,5
909,2
910,11
911,1
912,1
913,0
914,2
915,108
916,2
917,12
918,63
919,15
920,6
921,25
922,3
923,121
924,1
925,2
926,14
927,44
928,0
929,4
930,3
931,83
932,3
933,6
934,0
935,5
936,8
937,0
938,82
939,2
940,20
941,17
942,5
943,152
944,14
945,11
946,20
947,1
948,14
949,3
950,39
951,11
952,1
953,164
954,1
955,59
956,10
957,9
958,1
959,1
960,7
961,70
962,0
963,2
964,19
965,12
966,1
967,17
968,7
969,2
970,0
971,0
972,68
973,7
974,0
975,1
976,3
977,21
978,4
979,11
980,152
981,1
982,0
983,0
984,297
985,22
986,47
987,8
988,1
989,9
990,71
991,7
992,6
993,2
994,0
995,1
996,0
997,11
998,10
999,4
1000,5
1001,4
1002,26
1003,1
1004,10
1005,3
1006,0
1007,28
1008,433
1009,43
1010,8
1011,6
1012,0
1013,44
1014,7
1015,1
1016,2
1017,8
1018,3
1019,32
1020,0
1021,0
1022,1
1023,7
1024,0
1025,153
1026,19
1027,1
1028,2
1029,10
1030,1
1031,5
1032,7
1033,0
1034,2
1035,6
1036,1
1037,2
1038,3
1039,400
1040,193
1041,20
1042,3
1043,3
1044,1
1045,5
1046,12
1047,16
1048,6
1049,428
1050,4
1051,3
1052,157
1053,44
1054,3
1055,4
1056,0
1057,520
1058,1
1059,13
1060,71
1061,12
1062,12
1063,25
1064,6
1065,1
1066,52
1067,155
1068,2
1069,3
1070,417
1071,34
1072,3
1073,0
1074,21
1075,2
1076,8
1077,1
1078,9
1079,53
1080,10
1081,1
1082,1
1083,13
1084,14
1085,25
1086,6
1087,7
1088,12
1089,14
1090,2
1091,1
1092,2
1093,10
1094,1
1095,19
1096,2
1097,1
1098,13
1099,216
1100,4
1101,84
1102,2
1103,5
1104,3
1105,1
1106,1
1107,4
1108,22
1109,1
1110,82
1111,10
1112,93
1113,3
1114,1
1115,12
1116,8
1117,7
1118,10
1119,6
1120,8
1121,194
1122,1
1123,22
1124,1
1125,2
1126,1
1127,12
1128,3
1129,2
1130,76
1131,3
1132,1
1133,50
1134,1
1135,1
1136,0
1137,9
1138,8
1139,91
1140,23
1141,0
1142,26
1143,4
1144,0
1145,1
1146,1
1147,5
1148,151
1149,16
1150,241
1151,4
1152,55
1153,13
1154,1
1155,26
1156,2
1157,1
1158,1
1159,14
1160,1
1161,2
1162,1
1163,20
1164,6
1165,1
1166,1
1167,49
1168,58
1169,1
1170,9
1171,2
1172,3
1173,0
1174,29
1175,22
1176,8
1177,1
1178,0
1179,94
1180,2
1181,20
1182,9
1183,1
1184,14
1185,3
1186,7
1187,1
1188,4
1189,17
1190,0
1191,112
1192,1
1193,0
1194,21
1195,17
1196,1
1197,12
1198,2
1199,5
1200,8
1201,12
1202,336
1203,1
1204,1
1205,106
1206,31
1207,4
1208,2
1209,2
1210,1
1211,10
1212,14
1213,0
1214,1
1215,1
1216,3
1217,12
1218,4
1219,12
1220,634
1221,0
1222,12
1223,116
1224,24
1225,6
1226,2
1227,1
1228,26
1229,3
1230,247
1231,0
1232,33
1233,4
1234,0
1235,136
1236,15
1237,1
1238,37
1239,1
1240,48
1241,2
1242,3
1243,1
1244,18
1245,1
1246,47
1247,13
1248,1
1249,1
1250,65
1251,1
1252,3
1253,282
1254,73
1255,3
1256,1
1257,181
1258,0
1259,5
1260,39
1261,1
1262,8
1263,33
1264,120
1265,28
1266,7
1267,253
1268,16
1269,86
1270,74
1271,3
1272,7
1273,8
1274,1
1275,54
1276,5
1277,2
1278,1
1279,7
1280,0
1281,12
1282,4
1283,201
1284,71
1285,54
1286,5
1287,32
1288,9
1289,25
1290,1
1291,25
1292,10
1293,15
1294,156
1295,9
1296,0
1297,1
1298,26
1299,44
1300,9
1301,9
1302,1
1303,128
1304,1
1305,46
1306,5
1307,20
1308,14
1309,7
1310,9
1311,30
1312,1
1313,36
1314,5
1315,0
1316,118
1317,75
1318,1
1319,44
1320,1
1321,11
1322,2
1323,7
1324,16
1325,7
1326,7
1327,43
1328,181
1329,1
1330,5
1331,1
1332,61
1333,26
1334,1
1335,4
1336,16
1337,22
1338,1
1339,5
1340,3
1341,15
1342,13
1343,3
1344,319
1345,2
1346,1
1347,6
1348,2
1349,5
1350,7
1351,0
1352,139
1353,17
1354,5
1355,1
1356,5
1357,5
1358,15
1359,3
1360,75
1361,8
1362,35
1363,145
1364,18
1365,2
1366,9
1367,17
1368,1
1369,33
1370,28
1371,122
1372,79
1373,2
1374,2
1375,44
1376,6
1377,0
1378,7
1379,2
1380,4
1381,1
1382,0
1383,3
1384,5
1385,9
1386,1
1387,17
1388,8
1389,29
1390,337
1391,3
1392,37
1393,1
1394,5
1395,4
1396,154
1397,0
1398,5
1399,12
1400,0
1401,7
1402,1
1403,3
1404,1
1405,3
1406,12
1407,0
1408,11
1409,25
1410,17
1411,122
1412,15
1413,58
1414,13
1415,2
1416,8
1417,7
1418,36
1419,10
1420,5
1421,140
1422,0
1423,1
1424,1
1425,21
1426,1
1427,1
1428,0
1429,90
1430,2
1431,13
1432,0
1433,42
1434,20
1435,4
1436,33
1437,86
1438,20
1439,3
1440,1
1441,37
1442,1
1443,10
1444,0
1445,0
1446,5
1447,43
1448,404
1449,31
1450,2
1451,411
1452,26
1453,8
1454,0
1455,22
1456,5
1457,490
1458,3
1459,2
1460,0
1461,13
1462,1
1463,1
1464,7
1465,121
1466,7
1467,9
1468,13
1469,555
1470,0
1471,2
1472,102
1473,2
1474,1
1475,11
1476,0
1477,31
1478,4
1479,110
1480,0
1481,17
1482,21
1483,4
1484,3
1485,6
1486,3
1487,41
1488,0
1489,10
1490,37
1491,5
1492,2
1493,2
1494,4
1495,1
1496,36
1497,0
1498,41
1499,2
1500,10
1501,6
1502,0
1503,3
1504,10
1505,5
1506,29
1507,1
1508,11
1509,0
1510,7
1511,131
1512,1
1513,27
1514,282
1515,6
1516,0
1517,5
1518,2
1519,97
1520,15
1521,129
1522,17
1523,1
1524,14
1525,0
1526,9
1527,94
1528,0
1529,3
1530,2
1531,2
1532,40
1533,45
1534,2
1535,5
1536,13
1537,28
1538,0
1539,1
1540,21
1541,3
1542,1
1543,1
1544,2
1545,1
1546,1
1547,73
1548,3
1549,1
1550,577
1551,3
1552,22
1553,8
1554,37
1555,175
1556,3
1557,3
1558,9
1559,0
1560,102
1561,1
1562,5
1563,4
1564,7
1565,3
1566,54
1567,157
1568,0
1569,13
1570,116
1571,5
1572,4
1573,246
1574,1
1575,18
1576,0
1577,3
1578,8
1579,94
1580,33
1581,17
1582,2
1583,152
1584,14
1585,90
1586,37
1587,1
1588,16
1589,6
1590,8
1591,11
1592,1
1593,3
1594,2
1595,661
1596,5
1597,3
1598,9
1599,13
1600,1
1601,0
1602,11
1603,5
1604,50
1605,31
1606,44
1607,22
1608,5
1609,237
1610,0
1611,1
1612,13
1613,28
1614,25
1615,18
1616,0
1617,49
1618,14
1619,1
1620,1
1621,0
1622,16
1623,3
1624,0
1625,1
1626,2
1627,12
1628,5
1629,91
1630,9
1631,15
1632,1
1633,23
1634,42
1635,6
1636,1
1637,0
1638,1
1639,3
1640,6
1641,36
1642,1
1643,204
1644,7
1645,91
1646,1
1647,1
1648,228
1649,10
1650,0
1651,95
1652,4
1653,534
1654,281
1655,0
1656,5
1657,482
1658,4
1659,1
1660,165
1661,18
1662,8
1663,14
1664,128
1665,32
1666,1
1667,1
1668,35
1669,1
1670,1
1671,1
1672,2
1673,504
1674,15
1675,375
1676,3
1677,53
1678,1
1679,83
1680,24
1681,3
1682,6
1683,8
1684,0
1685,25
1686,0
1687,5
1688,5
1689,14
1690,1
1691,21
1692,2
1693,19
1694,8
1695,1
1696,73
1697,1
1698,12
1699,1
1700,1
1701,315
1702,5
1703,13
1704,28
1705,109
1706,0
1707,1
1708,7
1709,1
1710,8
1711,95
1712,16
1713,1
1714,160
1715,2
1716,0
1717,1
1718,0
1719,1
1720,12
1721,1
1722,2
1723,20
1724,3
1725,7
1726,0
1727,0
1728,22
1729,4
1730,8
1731,50
1732,28
1733,0
1734,2
1735,3
1736,1
1737,31
1738,9
1739,30
1740,6
1741,1
1742,14
1743,1
1744,7
1745,1
1746,6
1747,27
1748,15
1749,3
1750,72
1751,12
1752,7
1753,4
1754,10
1755,13
1756,12
1757,110
1758,1
1759,3
1760,7
1761,1
1762,13
1763,3274
1764,1
1765,5
1766,7
1767,5
1768,0
1769,5
1770,17
1771,2
1772,3
1773,2
1774,1931
1775,2
1776,0
1777,3
1778,7
1779,87
1780,1
1781,4
1782,11
1783,0
1784,6
1785,0
1786,1
1787,145
1788,5
1789,12
1790,60
1791,44
1792,11
1793,3
1794,3
1795,0
1796,1
1797,4
1798,2
1799,1
1800,121
1801,152
1802,2422
1803,4
1804,0
1805,376
1806,10
1807,149
1808,9
1809,4
1810,1
1811,58
1812,2
1813,1
1814,1
1815,26
1816,4
1817,56
1818,3
1819,1
1820,2
1821,33
1822,15
1823,1
1824,128
1825,14
1826,1
1827,16
1828,2
1829,1
1830,4
1831,0
1832,19
1833,697
1834,20
1835,0
1836,6
1837,97
1838,14
1839,2
1840,1
1841,13
1842,47
1843,1
1844,6
1845,129
1846,7
1847,8
1848,1
1849,17
1850,4
1851,11
1852,3
1853,1
1854,94
1855,48
1856,1
1857,0
1858,14
1859,21
1860,0
1861,1
1862,5
1863,54
1864,10
1865,0
1866,3
1867,1
1868,20
1869,15
1870,1
1871,5
1872,1
1873,1
1874,659
1875,8
1876,15
1877,6
1878,421
1879,1
1880,4
1881,13
1882,33
1883,5
1884,23
1885,1
1886,932
1887,1
1888,1
1889,10
1890,20
1891,25
1892,0
1893,55
1894,12
1895,10
1896,41
1897,15
1898,4
1899,4
1900,15
1901,59
1902,0
1903,10
1904,3
1905,6
1906,51
1907,7
1908,6
1909,15
1910,3
1911,8
1912,33
1913,1
1914,23
1915,73
1916,1
1917,6
1918,22
1919,1
1920,4
1921,178
1922,19
1923,0
1924,0
1925,10
1926,9
1927,0
1928,3
1929,15
1930,10
1931,0
1932,6
1933,14
1934,11
1935,0
1936,43
1937,2
1938,1
1939,21
1940,0
1941,59
1942,9
1943,11
1944,1194
1945,23
1946,2
1947,10
1948,12
1949,317
1950,1
1951,1
1952,11
1953,20
1954,12
1955,0
1956,32
1957,2
1958,6
1959,2
1960,3
1961,15
1962,5
1963,1
1964,10
1965,0
1966,1
1967,6
1968,338
1969,120
1970,3
1971,1
1972,1
1973,0
1974,25
1975,2
1976,573
1977,4
1978,4
1979,1
1980,174
1981,13
1982,110
1983,8
1984,3
1985,11
1986,0
1987,9
1988,68
1989,4
1990,43
1991,0
1992,380
1993,7
1994,170
1995,21
1996,40
1997,2
1998,1
1999,12
2000,1
2001,73
2002,1
2003,1
2004,36
2005,1
2006,0
2007,4
2008,11
2009,3
2010,9
2011,503
2012,8
2013,140
2014,19
2015,0
2016,3
2017,0
2018,7
2019,12
2020,20
2021,0
2022,65
2023,2
2024,14
2025,1
2026,1038
2027,4
2028,51
2029,9
2030,4
2031,0
2032,1
2033,0
2034,1
2035,4
2036,0
2037,2
2038,0
2039,12
2040,3
2041,11
2042,61
2043,1
2044,10
2045,9
2046,47
2047,1
2048,0
2049,0
2050,50
2051,0
2052,18
2053,65
2054,1
2055,0
2056,55
2057,143
2058,2
2059,14
2060,4
2061,68
2062,74
2063,281
2064,1
2065,41
2066,27
2067,35
2068,5
2069,17
2070,2
2071,5
2072,1
2073,2
2074,33
2075,1
2076,21
2077,332
2078,1
2079,137
2080,4
2081,0
2082,665
2083,20
2084,13
2085,2
2086,27
2087,4
2088,84
2089,1
2090,1
2091,6
2092,11
2093,275
2094,6
2095,3
2096,3
2097,14
2098,20
2099,3
2100,1
2101,1
2102,11
2103,57
2104,15
2105,112
2106,12
2107,0
2108,262
2109,9
2110,6
2111,2
2112,5
2113,1
2114,12
2115,429
2116,1
2117,10
2118,1
2119,21
2120,10
2121,1
2122,60
2123,10
2124,1
2125,1
2126,26
2127,24
2128,0
2129,4
2130,12
2131,3
2132,2
2133,44
2134,170
2135,89
2136,19
2137,3
2138,13
2139,5
2140,4
2141,1
2142,52
2143,25
2144,8
2145,16
2146,1
2147,22
2148,195
2149,1
2150,0
2151,5
2152,15
2153,10
2154,3
2155,3
2156,6
2157,1
2158,7
2159,40
2160,16
2161,0
2162,2
2163,139
2164,244
2165,3
2166,48
2167,17
2168,8
2169,3
2170,2
2171,7
2172,0
2173,0
2174,5
2175,29
2176,5
2177,1
2178,1
2179,1
2180,7
2181,1
2182,0
2183,1
2184,0
2185,0
2186,0
2187,18
2188,5
2189,11
2190,0
2191,4
2192,1
2193,2
2194,2
2195,20
2196,5
2197,3
2198,0
2199,1
2200,57
2201,3
2202,11
2203,1
2204,2
2205,19
2206,14
2207,3
2208,4
2209,2
2210,1
2211,1
2212,59
2213,49
2214,8
2215,73
2216,14
2217,10
2218,1
2219,31
2220,1478
2221,87
2222,14
2223,4
2224,0
2225,8
2226,17
2227,6
2228,4
2229,2
2230,0
2231,6
2232,15
2233,1
2234,14
2235,1
2236,1
2237,1
2238,1
2239,0
2240,1
2241,7
2242,2
2243,8
2244,2
2245,72
2246,93
2247,4
2248,3
2249,1
2250,0
2251,3
2252,24
2253,7
2254,123
2255,3
2256,19
2257,11
2258,3
2259,2
2260,23
2261,4
2262,3
2263,11
2264,7
2265,12
2266,41
2267,1
2268,0
2269,5
2270,1
2271,1
2272,10
2273,0
2274,3
2275,71
2276,0
2277,1
2278,0
2279,1
2280,4
2281,1
2282,246
2283,1
2284,24
2285,4
2286,19
2287,7
2288,34
2289,1
2290,76
2291,6
2292,2
2293,2
2294,3
2295,11
2296,1
2297,300
2298,63
2299,2
2300,76
2301,2
2302,4
2303,11
2304,16
2305,1
2306,12
2307,16
2308,2
2309,13
2310,4
2311,1
2312,98
2313,39
2314,4
2315,0
2316,1
2317,294
2318,664
2319,0
2320,18
2321,12
2322,0
2323,88
2324,50
2325,19
2326,4
2327,0
2328,15
2329,1
2330,62
2331,42
2332,8
2333,0
2334,49
2335,2
2336,3
2337,22
2338,214
2339,11
2340,1
2341,1
2342,3
2343,4
2344,8
2345,3
2346,0
2347,2
2348,3
2349,0
2350,183
2351,8
2352,1
2353,27
2354,0
2355,11
2356,0
2357,9
2358,1
2359,1
2360,16
2361,1
2362,219
2363,14
2364,4
2365,3
2366,75
2367,14
2368,22
2369,1
2370,10
2371,4
2372,77
2373,0
2374,10
2375,1
2376,202
2377,164
2378,6
2379,8
2380,8
2381,1
2382,0
2383,4
2384,11
2385,1
2386,2
2387,2
2388,0
2389,9
2390,40
2391,1
2392,3
2393,155
2394,9
2395,1
2396,4
2397,6
2398,4
2399,120
2400,0
2401,1
2402,617
2403,27
2404,1
2405,118
2406,0
2407,48
2408,5
2409,1
2410,59
2411,1
2412,2
2413,0
2414,3
2415,1
2416,2
2417,8
2418,8
2419,6
2420,26
2421,25
2422,1
2423,26
2424,3
2425,105
2426,32
2427,1
2428,6
2429,6
2430,12
2431,32
2432,4
2433,11
2434,2
2435,2
2436,2
2437,11
2438,0
2439,909
2440,0
2441,1
2442,19
2443,1
2444,0
2445,13
2446,2
2447,2
2448,27
2449,1
2450,1
2451,1
2452,1
2453,1
2454,9
2455,1
2456,4
2457,7
2458,208
2459,21
2460,6
2461,159
2462,3
2463,3
2464,31
2465,215
2466,0
2467,1
2468,0
2469,160
2470,3
2471,1
2472,3
2473,10
2474,0
2475,269
2476,4
2477,15
2478,65
2479,4
2480,3
2481,1
2482,9
2483,11
2484,0
2485,55
2486,3
2487,50
2488,5
2489,74
2490,1
2491,4
2492,24
2493,4
2494,4
2495,1
2496,4
2497,217
2498,1
2499,0
2500,3
2501,15
2502,9
2503,1
2504,213
2505,15
2506,4
2507,3
2508,1
2509,1
2510,87
2511,0
2512,41
2513,0
2514,1
2515,1
2516,1
2517,189
2518,18
2519,12
2520,13
2521,0
2522,909
2523,14
2524,34
2525,4
2526,0
2527,3
2528,1
2529,13
2530,19
2531,16
2532,15
2533,17
2534,14
2535,1
2536,0
2537,21
2538,1
2539,36
2540,7
2541,10
2542,364
2543,3
2544,8
2545,16
2546,2
2547,18
2548,1
2549,0
2550,102
2551,7
2552,1
2553,5
2554,32
2555,0
2556,5
2557,0
2558,108
2559,19
2560,1
2561,161
2562,7
2563,40
2564,7
2565,1
2566,15
2567,34
2568,13
2569,170
2570,1
2571,2
2572,18
2573,8
2574,0
2575,47
2576,5
2577,0
2578,454
2579,22
2580,38
2581,0
2582,4
2583,8
2584,4
2585,6
2586,137
2587,2
2588,562
2589,3
2590,6
2591,3
2592,40
2593,6
2594,1
2595,62
2596,10
2597,9
2598,157
2599,0
2600,1
2601,1
2602,47
2603,0
2604,1
2605,34
2606,16
2607,6
2608,323
2609,9
2610,34
2611,21
2612,102
2613,1
2614,8
2615,30
2616,0
2617,11
2618,6
2619,88
2620,2
2621,0
2622,1
2623,2
2624,7
2625,1
2626,5
2627,4
2628,19
2629,4
2630,1
2631,1
2632,7
2633,2
2634,0
2635,36
2636,8
2637,17
2638,1
2639,1
2640,312
2641,0
2642,24
2643,2
2644,5
2645,93
2646,4
2647,0
2648,0
2649,3
2650,15
2651,26
2652,0
2653,2
2654,13
2655,10
2656,0
2657,1
2658,0
2659,77
2660,58
2661,19
2662,0
2663,1
2664,14
2665,20
2666,11
2667,292
2668,50
2669,0
2670,6
2671,3
2672,27
2673,8
2674,3
2675,93
2676,8
2677,361
2678,71
2679,1
2680,60
2681,8
2682,45
2683,65
2684,1
2685,18
2686,40
2687,5
2688,15
2689,2
2690,2
2691,2
2692,1
2693,4
2694,0
2695,8
2696,3
2697,0
2698,12
2699,11
2700,2
2701,2
2702,3
2703,1
2704,3
2705,8
2706,2
2707,117
2708,8
2709,99
2710,1071
2711,190
2712,3
2713,33
2714,438
2715,26
2716,5
2717,17
2718,3
2719,10
2720,2
2721,1
2722,0
2723,2
2724,2
2725,4
2726,87
2727,3
2728,7
2729,3
2730,11
2731,36
2732,10
2733,0
2734,3
2735,59
2736,1
2737,9
2738,12
2739,5
2740,1
2741,4
2742,1
2743,1
2744,0
2745,1
2746,5
2747,57
2748,3
2749,1
2750,2
2751,14
2752,6
2753,46
2754,10
2755,13
2756,2
2757,19
2758,1
2759,17
2760,8
2761,29
2762,6
2763,35
2764,4
2765,0
2766,10
2767,8
2768,8
2769,1
2770,72
2771,10
2772,11
2773,2
2774,9
2775,2
2776,14
2777,7
2778,1
2779,85
2780,9
2781,10
2782,11
2783,2166
2784,1
2785,4
2786,0
2787,42
2788,15
2789,3
2790,1
2791,12
2792,5
2793,37
2794,5
2795,12
2796,0
2797,52
2798,6
2799,52
2800,411
2801,42
2802,62
2803,5
2804,31
2805,4
2806,23
2807,2
2808,1
2809,33
2810,11
2811,1
2812,8
2813,0
2814,40
2815,12
2816,28
2817,0
2818,3
2819,11
2820,11
2821,7
2822,16
2823,2
2824,5
2825,7
2826,1
2827,0
2828,29
2829,19
2830,7
2831,16
2832,1
2833,0
2834,0
2835,128
2836,6
2837,8
2838,11
2839,1
2840,0
2841,35
2842,1
2843,16
2844,2
2845,1
2846,0
2847,110
2848,2
2849,3
2850,4
2851,6
2852,21
2853,1
2854,11
2855,3
2856,106
2857,0
2858,1
2859,0
2860,512
2861,1
2862,754
2863,1
2864,16
2865,8
2866,11
2867,0
2868,4
2869,2
2870,0
2871,0
2872,9
2873,29
2874,7
2875,25
2876,186
2877,4
2878,0
2879,0
2880,0
2881,3
2882,1
2883,1
2884,8
2885,9
2886,4
2887,28
2888,266
2889,36
2890,1
2891,2
2892,1
2893,1
2894,11
2895,2
2896,1
2897,32
2898,2
2899,81
2900,5
2901,2493
2902,1
2903,59
2904,2
2905,121
2906,0
2907,24
2908,47
2909,0
2910,4
2911,2
2912,0
2913,1
2914,2
2915,118
2916,2
2917,24
2918,5
2919,0
2920,5
2921,37
2922,6
2923,17
2924,0
2925,1
2926,3
2927,0
2928,3
2929,84
2930,10
2931,22
2932,19
2933,17
2934,2
2935,13
2936,1
2937,8
2938,13
2939,26
2940,4
2941,43
2942,7
2943,2
2944,0
2945,18
2946,2
2947,1
2948,4
2949,18
2950,7
2951,3
2952,0
2953,2
2954,13
2955,1
2956,15
2957,1
2958,13
2959,0
2960,0
2961,40
2962,1
2963,11
2964,10
2965,113
2966,18
2967,158
2968,20
2969,4
2970,22
2971,0
2972,1
2973,2
2974,1
2975,7
2976,18
2977,18
2978,15
2979,6
2980,6
2981,13
2982,156
2983,7
2984,26
2985,0
2986,631
2987,1
2988,31
2989,2
2990,13
2991,24
2992,6
2993,9
2994,0
2995,1
2996,0
2997,37
2998,13
2999,0
3000,4
3001,1
3002,18
3003,8
3004,7
3005,8
3006,8
3007,0
3008,4
3009,27
3010,2
3011,2
3012,0
3013,50
3014,3
3015,1
3016,36
3017,19
3018,0
3019,8
3020,174
3021,0
3022,1
3023,11
3024,5
3025,19
3026,6
3027,4
3028,42
3029,3
3030,13
3031,27
3032,0
3033,13
3034,4
3035,4
3036,2
3037,2
3038,380
3039,6
3040,2
3041,1
3042,0
3043,6
3044,205
3045,1
3046,3
3047,11
3048,24
3049,10
3050,1
3051,3
3052,10
3053,30
3054,22
3055,7
3056,18
3057,4
3058,1
3059,34
3060,5
3061,124
3062,16
3063,13
3064,49
3065,12
3066,0
3067,16
3068,3
3069,12
3070,1
3071,15
3072,3
3073,3
3074,4
3075,10
3076,17
3077,67
3078,415
3079,0
3080,3
3081,18
3082,3
3083,19
3084,61
3085,126
3086,7
3087,66
3088,5
3089,227
3090,51
3091,3
3092,16
3093,0
3094,1
3095,12
3096,0
3097,0
3098,2
3099,8
3100,4
3101,15
3102,32
3103,34
3104,80
3105,21
3106,6
3107,6
3108,44
3109,5
3110,0
3111,2
3112,9
3113,1
3114,50
3115,5
3116,230
3117,16
3118,34
3119,2
3120,172
3121,90
3122,9
3123,6
3124,38
3125,13
3126,1
3127,35
3128,11
3129,337
3130,0
3131,57
3132,6
3133,47
3134,1
3135,3
3136,219
3137,4
3138,23
3139,6
3140,1183
3141,8
3142,11
3143,100
3144,262
3145,42
3146,1
3147,124
3148,7
3149,2
3150,59
3151,4
3152,25
3153,0
3154,35
3155,1
3156,4
3157,1
3158,25
3159,46
3160,1
3161,372
3162,3
3163,10
3164,181
3165,6
3166,2
3167,43
3168,2
3169,9
3170,0
3171,12
3172,21
3173,22
3174,129
3175,10
3176,0
3177,9
3178,1
3179,11
3180,2
3181,3
3182,1
3183,70
3184,15
3185,807
3186,46
3187,1
3188,5
3189,5
3190,4
3191,0
3192,7
3193,0
3194,855
3195,49
3196,8
3197,20
3198,4
3199,0
3200,79
3201,0
3202,1
3203,1
3204,1
3205,46
3206,4
3207,355
3208,19
3209,6
3210,0
3211,12
3212,3
3213,47
3214,23
3215,60
3216,1
3217,28
3218,139
3219,0
3220,6
3221,17
3222,0
3223,13
3224,2
3225,1
3226,2
3227,0
3228,94
3229,8
3230,160
3231,5
3232,17
3233,3
3234,0
3235,62
3236,4
3237,31
3238,76
3239,3
3240,2
3241,38
3242,0
3243,8
3244,28
3245,9
3246,82
3247,16
3248,2
3249,2
3250,1
3251,4
3252,1
3253,26
3254,0
3255,1
3256,43
3257,2
3258,13
3259,14
3260,2
3261,207
3262,0
3263,2
3264,1572
3265,34
3266,0
3267,5
3268,10
3269,3
3270,112
3271,175
3272,3
3273,1
3274,10
3275,1
3276,1
3277,10
3278,6
3279,2
3280,1
3281,6
3282,1
3283,0
3284,37
3285,73
3286,2
3287,1
3288,2
3289,0
3290,0
3291,1
3292,6
3293,21
3294,1
3295,2
3296,11
3297,34
3298,0
3299,21
3300,3
3301,2
3302,13
3303,10
3304,5
3305,5
3306,1
3307,2
3308,1
3309,20
3310,9
3311,1
3312,3
3313,22
3314,0
3315,327
3316,261
3317,373
3318,29
3319,4
3320,9
3321,59
3322,0
3323,14
3324,10
3325,0
3326,5
3327,5
3328,4
3329,88
3330,8
3331,7
3332,887
3333,19
3334,2
3335,15
3336,7
3337,85
3338,1
3339,5
3340,1
3341,65
3342,270
3343,4
3344,14
3345,6
3346,4
3347,103
3348,49
3349,2
3350,25
3351,56
3352,13
3353,0
3354,4
3355,1
3356,535
3357,19
3358,1
3359,8
3360,33
3361,24
3362,1
3363,196
3364,5
3365,1
3366,13
3367,6
3368,1
3369,91
3370,10
3371,14
3372,3
3373,3
3374,1
3375,6
3376,200
3377,18
3378,885
3379,9
3380,7
3381,1
3382,4
3383,6
3384,4
3385,8
3386,3
3387,0
3388,0
3389,105
3390,93
3391,19
3392,2
3393,15
3394,447
3395,13
3396,0
3397,7
3398,18
3399,113
3400,11
3401,12
3402,1
3403,5
3404,2
3405,6
3406,7
3407,13
3408,13
3409,0
3410,1
3411,12
3412,6
3413,15
3414,6
3415,0
3416,255
3417,0
3418,6
3419,140
3420,29
3421,2
3422,0
3423,7
3424,2
3425,2
3426,6
3427,75
3428,17
3429,3
3430,26
3431,13
3432,5
3433,0
3434,1
3435,1
3436,243
3437,29
3438,1
3439,28
3440,12
3441,20
3442,11
3443,567
3444,1
3445,187
3446,31
3447,10
3448,0
3449,41
3450,47
3451,11
3452,0
3453,4
3454,1
3455,1
3456,43
3457,28
3458,2
3459,1
3460,2
3461,1
3462,7
3463,4
3464,25
3465,1
3466,20
3467,3
3468,25
3469,1
3470,5
3471,0
3472,2
3473,675
3474,0
3475,3
3476,133
3477,1
3478,3
3479,7
3480,16
3481,22
3482,23
3483,10
3484,92
3485,18
3486,65
3487,6
3488,0
3489,1
3490,90
3491,268
3492,0
3493,1
3494,2
3495,16
3496,10
3497,6
3498,0
3499,16
3500,2
3501,1
3502,3
3503,22
3504,10
3505,3
3506,16
3507,36
3508,3
3509,61
3510,0
3511,0
3512,37
3513,1
3514,3
3515,1
3516,11
3517,68
3518,2
3519,10
3520,2
3521,13
3522,1
3523,24
3524,0
3525,4
3526,51
3527,22
3528,11
3529,6
3530,3
3531,5
3532,2
3533,56
3534,6
3535,26
3536,9
3537,1
3538,10
3539,1
3540,1
3541,1
3542,8
3543,116
3544,2
3545,1
3546,44
3547,1
3548,8
3549,0
3550,0
3551,137
3552,34
3553,3
3554,1
3555,5
3556,1
3557,4
3558,1
3559,7
3560,5
3561,2
3562,1
3563,0
3564,111
3565,184
3566,0
3567,7
3568,3
3569,1
3570,36
3571,21
3572,17
3573,9
3574,1
3575,1
3576,36
3577,1
3578,1
3579,0
3580,10
3581,2098
3582,1
3583,21
3584,11
3585,13
3586,1
3587,5
3588,0
3589,0
3590,32
3591,26
3592,234
3593,343
3594,3
3595,9
3596,1
3597,4
3598,40
3599,8
3600,0
3601,3
3602,0
3603,1
3604,0
3605,2
3606,0
3607,2
3608,5
3609,61
3610,11
3611,20
3612,1
3613,14
3614,41
3615,0
3616,37
3617,1
3618,0
3619,3
3620,15
3621,0
3622,11
3623,80
3624,13
3625,6
3626,53
3627,11
3628,36
3629,5
3630,6
3631,6
3632,6
3633,3
3634,12
3635,10
3636,0
3637,2
3638,5
3639,196
3640,5
3641,10
3642,206
3643,94
3644,0
3645,12
3646,2
3647,22
3648,85
3649,32
3650,0
3651,5
3652,1
3653,17
3654,1
3655,0
3656,22
3657,15
3658,10
3659,49
3660,134
3661,12
3662,5
3663,31
3664,4
3665,3
3666,4
3667,1
3668,0
3669,29
3670,5
3671,18
3672,22
3673,3
3674,14
3675,2
3676,0
3677,5
3678,3
3679,0
3680,2
3681,5
3682,1
3683,4
3684,31
3685,5
3686,2
3687,91
3688,5
3689,13
3690,21
3691,21
3692,4
3693,28
3694,3
3695,46
3696,20
3697,19
3698,1
3699,10
3700,22
3701,1
3702,32
3703,0
3704,10
3705,13
3706,137
3707,108
3708,2
3709,1
3710,275
3711,38
3712,1
3713,1
3714,3
3715,15
3716,9
3717,0
3718,2
3719,10
3720,21
3721,10
3722,6
3723,1
3724,0
3725,2
3726,27
3727,1
3728,2
3729,92
3730,2
3731,1
3732,5
3733,4
3734,4
3735,4
3736,41
3737,1
3738,43
3739,14
3740,1
3741,0
3742,13
3743,4
3744,2
3745,3
3746,5
3747,5
3748,6
3749,1
3750,292
3751,0
3752,5
3753,174
3754,1
3755,0
3756,1
3757,1
3758,0
3759,1
3760,55
3761,2
3762,1
3763,2
3764,9
3765,0
3766,2
3767,5
3768,2
3769,1
3770,29
3771,3
3772,1
3773,44
3774,27
3775,33
3776,4
3777,22
3778,36
3779,1
3780,1
3781,22
3782,2
3783,29
3784,1
3785,12
3786,52
3787,300
3788,4
3789,3
3790,1
3791,0
3792,0
3793,0
3794,8
3795,1
3796,65
3797,94
3798,81
3799,1
3800,19
3801,5
3802,2
3803,2
3804,62
3805,1
3806,31
3807,4
3808,2
3809,4
3810,11
3811,1
3812,1
3813,1
3814,83
3815,5
3816,6
3817,39
3818,5
3819,1
3820,25
3821,36
3822,62
3823,21
3824,2
3825,6
3826,0
3827,7
3828,3
3829,16
3830,10
3831,0
3832,1
3833,4
3834,40
3835,86
3836,10
3837,2
3838,1
3839,24
3840,9
3841,7
3842,0
3843,2
3844,25
3845,7
3846,7
3847,417
3848,34
3849,117
3850,0
3851,11
3852,15
3853,12
3854,10
3855,6
3856,4
3857,174
3858,4
3859,8
3860,14
3861,1
3862,2
3863,16
3864,1
3865,2
3866,36
3867,1
3868,5
3869,2
3870,8
3871,14
3872,10
3873,11
3874,45
3875,3
3876,0
3877,1
3878,0
3879,13
3880,0
3881,64
3882,11
3883,18
3884,0
3885,0
3886,166
3887,0
3888,11
3889,2
3890,44
3891,3
3892,68
3893,11
3894,10
3895,13
3896,23
3897,7
3898,132
3899,14
3900,0
3901,7
3902,1
3903,11
3904,3
3905,18
3906,32
3907,5
3908,2
3909,104
3910,1
3911,4
3912,139
3913,6
3914,3
3915,17
3916,128
3917,6
3918,11
3919,0
3920,12
3921,3
3922,2
3923,0
3924,0
3925,291
3926,126
3927,9
3928,6
3929,163
3930,14
3931,4
3932,67
3933,191
3934,1
3935,1
3936,0
3937,22
3938,20
3939,2
3940,11
3941,0
3942,0
3943,0
3944,1
3945,2
3946,5
3947,25
3948,17
3949,11
3950,1
3951,6
3952,1
3953,8
3954,5
3955,32
3956,24
3957,0
3958,2
3959,12
3960,0
3961,7
3962,1
3963,6
3964,0
3965,10
3966,0
3967,2
3968,48
3969,1
3970,6
3971,273
3972,11
3973,17
3974,13
3975,1
3976,8
3977,7
3978,49
3979,13
3980,4
3981,1
3982,6
3983,4
3984,144
3985,1
3986,0
3987,1
3988,11
3989,127
3990,12
3991,1
3992,4
3993,18
3994,13
3995,1
3996,1
3997,33
3998,1
3999,2
4000,2
4001,0
4002,15
4003,11
4004,114
4005,1
4006,7
4007,2
4008,1
4009,1
4010,3
4011,1
4012,0
4013,1
4014,67
4015,15
4016,1
4017,4
4018,2
4019,0
4020,1
4021,34
4022,58
4023,1
4024,3
4025,1
4026,5
4027,0
4028,1
4029,5
4030,15
4031,10
4032,1
4033,3
4034,3
4035,5
4036,3
4037,0
4038,19
4039,2
4040,1
4041,67
4042,35
4043,3
4044,21
4045,28
4046,3
4047,0
4048,6
4049,4
4050,0
4051,2
4052,0
4053,14
4054,1
4055,11
4056,0
4057,14
4058,1
4059,1
4060,82
4061,0
4062,0
4063,42
4064,1
4065,0
4066,17
4067,7
4068,14
4069,2
4070,18
4071,17
4072,88
4073,57
4074,17
4075,48
4076,12
4077,2
4078,22
4079,0
4080,1
4081,29
4082,1
4083,75
4084,1
4085,0
4086,1
4087,19
4088,25
4089,265
4090,0
4091,1
4092,31
4093,80
4094,12
4095,1
4096,4
4097,2
4098,55
4099,0
4100,4
4101,19
4102,2
4103,14
4104,5
4105,5
4106,4
4107,7
4108,1
4109,491
4110,0
4111,1
4112,10
4113,4
4114,27
4115,3
4116,1
4117,14
4118,10
4119,4
4120,152
4121,1
4122,0
4123,2
4124,6
4125,1
4126,12
4127,20
4128,1
4129,1
4130,9
4131,88
4132,70
4133,97
4134,2
4135,4
4136,106
4137,11
4138,20
4139,4
4140,9
4141,503
4142,3
4143,16
4144,9
4145,10
4146,15
4147,8
4148,28
4149,21
4150,1
4151,28
4152,86
4153,0
4154,3
4155,0
4156,1
4157,72
4158,1
4159,1
4160,2
4161,3
4162,19
4163,11
4164,0
4165,11
4166,0
4167,11
4168,10
4169,9
4170,5
4171,1
4172,3
4173,1
4174,14
4175,12
4176,5
4177,25
4178,59
4179,1
4180,27
4181,2
4182,1
4183,9
4184,1
4185,16
4186,5
4187,724
4188,8
4189,20
4190,12
4191,1
4192,13
4193,13
4194,70
4195,27
4196,2
4197,61
4198,26
4199,1
4200,68
4201,11
4202,26
4203,3
4204,9
4205,0
4206,4
4207,2
4208,2
4209,2
4210,123
4211,0
4212,255
4213,4
4214,1215
4215,6
4216,11
4217,5
4218,26
4219,7
4220,17
4221,6
4222,189
4223,7
4224,443
4225,14
4226,15
4227,1
4228,1
4229,2
4230,8
4231,8
4232,133
4233,50
4234,1
4235,0
4236,15
4237,40
4238,10
4239,44
4240,0
4241,17
4242,0
4243,2
4244,0
4245,5
4246,26
4247,3
4248,18
4249,5
4250,57
4251,46
4252,45
4253,8
4254,1
4255,6
4256,9
4257,9
4258,0
4259,32
4260,35
4261,26
4262,0
4263,8
4264,158
4265,25
4266,18
4267,9
4268,9
4269,1
4270,4
4271,9
4272,2
4273,1
4274,3
4275,6
4276,226
4277,12
4278,5
4279,23
4280,59
4281,5
4282,1
4283,134
4284,501
4285,6
4286,1
4287,24
4288,1
4289,51
4290,9
4291,5
4292,0
4293,2
4294,6
4295,5
4296,1
4297,36
4298,18
4299,2
4300,167
4301,5
4302,7
4303,6
4304,3
4305,9
4306,23
4307,21
4308,0
4309,154
4310,0
4311,3
4312,0
4313,0
4314,10
4315,6
4316,12
4317,38
4318,0
4319,5
4320,15
4321,4
4322,12
4323,175
4324,137
4325,1
4326,15
4327,1
4328,5
4329,24
4330,0
4331,5
4332,12
4333,596
4334,1
4335,3
4336,35
4337,1
4338,4
4339,1
4340,46
4341,10
4342,1
4343,1
4344,5
4345,1
4346,518
4347,1216
4348,19
4349,1
4350,231
4351,122
4352,18
4353,1
4354,6
4355,0
4356,94
4357,0
4358,137
4359,16
4360,5
4361,3
4362,7
4363,25
4364,1
4365,25
4366,118
4367,3
4368,2
4369,1
4370,2
4371,7
4372,2
4373,1
4374,1
4375,3
4376,131
4377,3
4378,4
4379,14
4380,8
4381,5
4382,16
4383,16
4384,0
4385,3
4386,10
4387,2
4388,17
4389,3
4390,3
4391,402
4392,1
4393,1
4394,2
4395,3
4396,21
4397,267
4398,5
4399,54
4400,50
4401,30
4402,2
4403,4
4404,0
4405,0
4406,6
4407,2
4408,0
4409,8
4410,41
4411,37
4412,67
4413,3
4414,27
4415,49
4416,3
4417,1
4418,1
4419,5
4420,4
4421,7
4422,5
4423,274
4424,0
4425,13
4426,10
4427,1
4428,8
4429,5
4430,8
4431,1
4432,3
4433,1
4434,61
4435,11
4436,20
4437,144
4438,3
4439,9
4440,25
4441,2
4442,3
4443,7
4444,202
4445,2
4446,2
4447,69
4448,3
4449,131
4450,5
4451,18
4452,2
4453,1
4454,1
4455,4
4456,299
4457,0
4458,38
4459,1
4460,26
4461,25
4462,0
4463,3
4464,8
4465,1
4466,0
4467,73
4468,8
4469,3
4470,5
4471,1
4472,1
4473,3
4474,29
4475,2
4476,7
4477,1
4478,23
4479,3
4480,3
4481,12
4482,0
4483,5
4484,1
4485,2
4486,5
4487,34
4488,18
4489,1948
4490,1
4491,1
4492,0
4493,1
4494,158
4495,1
4496,15
4497,6
4498,8
4499,9
4500,4
4501,2
4502,3
4503,0
4504,100
4505,4
4506,31
4507,1
4508,24
4509,86
4510,3
4511,1
4512,89
4513,17
4514,2
4515,39
4516,303
4517,339
4518,12
4519,0
4520,1
4521,4
4522,19
4523,1
4524,3
4525,0
4526,6
4527,0
4528,35
4529,14
4530,4
4531,1
4532,4
4533,7
4534,0
4535,149
4536,5
4537,1
4538,120
4539,2
4540,83
4541,8
4542,100
4543,3
4544,10
4545,9
4546,3
4547,1
4548,2
4549,7
4550,64
4551,7
4552,19
4553,14
4554,15
4555,124
4556,7
4557,35
4558,1
4559,26
4560,3
4561,19
4562,3
4563,1
4564,4
4565,12
4566,6
4567,3
4568,81
4569,148
4570,1
4571,0
4572,4
4573,45
4574,0
4575,1
4576,39
4577,30
4578,10
4579,4
4580,5
4581,50
4582,1
4583,1
4584,0
4585,5
4586,3
4587,6
4588,2
4589,19
4590,5
4591,5
4592,41
4593,0
4594,2
4595,7
4596,13
4597,6
4598,0
4599,0
4600,30
4601,4
4602,16
4603,6
4604,27
4605,3
4606,310
4607,0
4608,32
4609,0
4610,4
4611,27
4612,1
4613,29
4614,3449
4615,16
4616,58
4617,2
4618,12
4619,2
4620,54
4621,1
4622,123
4623,24
4624,2
4625,99
4626,146
4627,7
4628,1
4629,20
4630,5
4631,1
4632,7
4633,0
4634,1
4635,10
4636,1
4637,1
4638,6
4639,8
4640,1
4641,2
4642,3
4643,124
4644,185
4645,3
4646,0
4647,16
4648,31
4649,30
4650,35
4651,2
4652,2
4653,468
4654,1
4655,97
4656,1
4657,0
4658,5
4659,30
4660,29
4661,15
4662,3
4663,39
4664,5
4665,1
4666,1
4667,17
4668,14
4669,5
4670,1
4671,53
4672,2
4673,5
4674,13
4675,2
4676,4
4677,1
4678,1
4679,113
4680,3
4681,116
4682,1
4683,23
4684,2
4685,46
4686,8
4687,2
4688,36
4689,20
4690,7
4691,17
4692,0
4693,1
4694,3
4695,4
4696,3
4697,3
4698,33
4699,8
4700,0
4701,4
4702,10
4703,40
4704,17
4705,2
4706,1
4707,4
4708,7
4709,0
4710,32
4711,108
4712,33
4713,2
4714,87
4715,2
4716,0
4717,0
4718,9
4719,7
4720,2
4721,4
4722,1
4723,3
4724,1680
4725,1
4726,10
4727,0
4728,16
4729,1
4730,1
4731,19
4732,45
4733,4
4734,2
4735,7
4736,27
4737,1
4738,15
4739,0
4740,1
4741,35
4742,224
4743,56
4744,5
4745,3
4746,11
4747,15
4748,25
4749,1
4750,4
4751,69
4752,52
4753,7
4754,2
4755,19
4756,210
4757,22
4758,132
4759,72
4760,150
4761,12
4762,0
4763,15
4764,48
4765,4
4766,2
4767,0
4768,14
4769,9
4770,0
4771,1778
4772,8
4773,1
4774,7
4775,31
4776,1
4777,1
4778,0
4779,6
4780,1
4781,0
4782,7
4783,52
4784,1
4785,304
4786,0
4787,2
4788,14
4789,0
4790,3
4791,0
4792,6
4793,4
4794,4
4795,987
4796,15
4797,64
4798,0
4799,20
4800,0
4801,23
4802,2
4803,94
4804,20
4805,4
4806,32
4807,8
4808,3
4809,1
4810,1
4811,1
4812,2
4813,2
4814,45
4815,1
4816,2
4817,221
4818,19
4819,1
4820,1
4821,16
4822,6
4823,14
4824,21
4825,42
4826,5
4827,9
4828,12
4829,184
4830,65
4831,9
4832,166
4833,1
4834,9
4835,0
4836,1
4837,36
4838,5
4839,3
4840,1
4841,2
4842,0
4843,4
4844,5
4845,2
4846,93
4847,5
4848,67
4849,8
4850,1
4851,1
4852,1
4853,14
4854,13
4855,5
4856,8
4857,14
4858,115
4859,21
4860,14
4861,5
4862,1
4863,14
4864,0
4865,0
4866,12
4867,1
4868,3
4869,34
4870,2
4871,18
4872,36
4873,1
4874,1
4875,1
4876,15
4877,2
4878,11
4879,0
4880,1
4881,1
4882,2
4883,2
4884,6
4885,39
4886,17
4887,0
4888,39
4889,17
4890,2
4891,31
4892,1116
4893,5
4894,9
4895,5
4896,7
4897,8
4898,21
4899,44
4900,2
4901,5
4902,23
4903,6
4904,465
4905,0
4906,27
4907,50
4908,3
4909,0
4910,560
4911,23
4912,4
4913,5
4914,1
4915,1
4916,0
4917,91
4918,650
4919,9
4920,62
4921,0
4922,1
4923,26
4924,9
4925,1
4926,3
4927,25
4928,60
4929,6
4930,31
4931,10
4932,19
4933,1
4934,5
4935,22
4936,4
4937,4
4938,0
4939,0
4940,10
4941,4
4942,14
4943,4
4944,3
4945,8
4946,2
4947,49
4948,15
4949,1
4950,11
4951,47
4952,20
4953,3
4954,139
4955,0
4956,5
4957,79
4958,3
4959,42
4960,2
4961,34
4962,1
4963,4
4964,7
4965,3
4966,0
4967,79
4968,0
4969,23
4970,9
4971,4
4972,20
4973,474
4974,9
4975,808
4976,200
4977,1
4978,96
4979,2
4980,22
4981,2
4982,21
4983,120
4984,1
4985,231
4986,15
4987,13
4988,1
4989,18
4990,98
4991,43
4992,5
4993,1
4994,3
4995,3
4996,20
4997,3
4998,234
4999,1704
5000,168
5001,6
5002,0
5003,76
5004,45
5005,9
5006,4
5007,55
5008,11
5009,0
5010,36
5011,113
5012,2
5013,2
5014,1
5015,5
5016,41
5017,2
5018,591
5019,3
5020,59
5021,0
5022,24
5023,2
5024,468
5025,2
5026,1
5027,0
5028,52
5029,1
5030,2
5031,9
5032,0
5033,70
5034,1
5035,10
5036,2
5037,0
5038,1
5039,1
5040,7
5041,0
5042,11
5043,37
5044,32
5045,9
5046,1
5047,28
5048,210
5049,33
5050,6
5051,8
5052,35
5053,68
5054,6
5055,20
5056,0
5057,3
5058,1
5059,1
5060,1
5061,4
5062,6
5063,14
5064,5
5065,1
5066,6
5067,8
5068,0
5069,0
5070,142
5071,21
5072,0
5073,19
5074,26
5075,39
5076,1
5077,2
5078,1
5079,11
5080,119
5081,300
5082,1
5083,10
5084,2
5085,59
5086,1
5087,3
5088,0
5089,11
5090,5
5091,24
5092,0
5093,1
5094,14
5095,0
5096,12
5097,5
5098,3
5099,5
5100,4
5101,13
5102,104
5103,3
5104,11
5105,1
5106,4
5107,0
5108,11
5109,13
5110,0
5111,6
5112,2
5113,12
5114,7
5115,3
5116,1
5117,0
5118,0
5119,199
5120,5
5121,39
5122,0
5123,87
5124,52
5125,3267
5126,5
5127,24
5128,3
5129,10
5130,24
5131,1
5132,3
5133,1
5134,0
5135,1
5136,0
5137,1
5138,2
5139,13
5140,1
5141,10
5142,18
5143,3
5144,104
5145,0
5146,9
5147,5
5148,5
5149,12
5150,10
5151,70
5152,4
5153,25
5154,74
5155,26
5156,46
5157,1
5158,45
5159,6
5160,6
5161,1
5162,144
5163,33
5164,7
5165,521
5166,93
5167,7
5168,73
5169,4
5170,1
5171,12
5172,26
5173,9
5174,1
5175,13
5176,109
5177,50
5178,22
5179,6
5180,0
5181,0
5182,3
5183,19
5184,1
5185,3
5186,13
5187,66
5188,0
5189,12
5190,4
5191,13
5192,4787
5193,46
5194,2
5195,4
5196,55
5197,10
5198,1
5199,2
5200,1
5201,173
5202,17
5203,4
5204,4
5205,0
5206,2
5207,23
5208,1
5209,1
5210,19
5211,1
5212,7
5213,6
5214,16
5215,0
5216,856
5217,3
5218,0
5219,1
5220,2
5221,0
5222,3
5223,21
5224,5
5225,0
5226,34
5227,8
5228,3
5229,7
5230,96
5231,42
5232,3
5233,0
5234,6
5235,4
5236,30
5237,27
5238,3
5239,16
5240,15
5241,4
5242,3
5243,10
5244,74
5245,2
5246,20
5247,15
5248,0
5249,4
5250,17
5251,52
5252,1
5253,0
5254,7
5255,30
5256,2
5257,127
5258,44
5259,1
5260,8
5261,20
5262,4
5263,0
5264,4
5265,20
5266,5
5267,11
5268,416
5269,10
5270,173
5271,4
5272,1
5273,0
5274,2
5275,1
5276,0
5277,1
5278,2
5279,8
5280,3
5281,7
5282,4
5283,68
5284,0
5285,5
5286,0
5287,26
5288,234
5289,0
5290,160
5291,26
5292,36
5293,4
5294,2
5295,33
5296,0
5297,14
5298,1
5299,5
5300,74
5301,1
5302,128
5303,0
5304,26
5305,42
5306,1
5307,5
5308,76
5309,63
5310,2
5311,8
5312,7
5313,1
5314,19
5315,6
5316,1
5317,4
5318,1
5319,36
5320,14
5321,11
5322,14
5323,4
5324,75
5325,57
5326,5
5327,5
5328,47
5329,1
5330,122
5331,0
5332,84
5333,1
5334,80
5335,61
5336,9
5337,35
5338,24
5339,461
5340,52
5341,17
5342,22
5343,2
5344,7
5345,0
5346,1
5347,4
5348,181
5349,1
5350,17
5351,17
5352,0
5353,1
5354,15
5355,15
5356,11
5357,27
5358,2
5359,11
5360,0
5361,0
5362,1
5363,3
5364,37
5365,1
5366,1
5367,10
5368,1
5369,63
5370,5
5371,7
5372,19
5373,0
5374,22
5375,1
5376,24
5377,10
5378,0
5379,1
5380,4
5381,21
5382,1
5383,2
5384,2
5385,0
5386,3
5387,4
5388,0
5389,8
5390,49
5391,111
5392,13
5393,0
5394,41
5395,3
5396,6
5397,0
5398,1
5399,0
5400,2
5401,12
5402,13
5403,6
5404,3
5405,9
5406,0
5407,3921
5408,6
5409,5
5410,0
5411,1
5412,1
5413,1
5414,17
5415,36
5416,2
5417,8
5418,1
5419,66
5420,15
5421,7
5422,68
5423,5
5424,123
5425,121
5426,7
5427,0
5428,12
5429,9
5430,451
5431,3
5432,2
5433,3
5434,2
5435,65
5436,164
5437,1
5438,3
5439,2
5440,2
5441,20
5442,50
5443,7
5444,70
5445,3
5446,1
5447,6
5448,16
5449,1
5450,205
5451,1
5452,70
5453,0
5454,51
5455,3
5456,148
5457,0
5458,1
5459,1
5460,13
5461,3
5462,6
5463,1
5464,0
5465,12
5466,29
5467,4
5468,11
5469,2
5470,82
5471,169
5472,44
5473,0
5474,13
5475,2
5476,5
5477,6
5478,56
5479,22
5480,44
5481,28
5482,0
5483,7
5484,31
5485,50
5486,325
5487,122
5488,0
5489,54
5490,9
5491,129
5492,11
5493,0
5494,2
5495,7
5496,5
5497,1
5498,1
5499,2
5500,1
5501,5
5502,9
5503,1
5504,9
5505,1
5506,3
5507,11
5508,2
5509,18
5510,1
5511,90
5512,6
5513,0
5514,12
5515,13
5516,0
5517,0
5518,2
5519,1
5520,1
5521,26
5522,5
5523,34
5524,2
5525,0
5526,3
5527,25
5528,21
5529,1
5530,45
5531,5
5532,1
5533,13
5534,5
5535,3
5536,9
5537,195
5538,3
5539,0
5540,0
5541,11
5542,4
5543,1
5544,50
5545,12
5546,141
5547,30
5548,17
5549,49
5550,156
5551,1
5552,173
5553,19
5554,0
5555,14
5556,11
5557,13
5558,1
5559,3
5560,5
5561,331
5562,21
5563,0
5564,1
5565,77
5566,3
5567,8
5568,6
5569,11
5570,0
5571,1
5572,8
5573,3
5574,86
5575,8
5576,43
5577,0
5578,1
5579,5
5580,9
5581,22
5582,0
5583,1
5584,15
5585,86
5586,3
5587,61
5588,6
5589,11
5590,8
5591,1
5592,13
5593,0
5594,2
5595,241
5596,15
5597,5
5598,1
5599,0
5600,12
5601,1
5602,2
5603,4
5604,3
5605,11
5606,12
5607,3
5608,45
5609,94
5610,1
5611,20
5612,9
5613,1
5614,66
5615,48
5616,2
5617,10
5618,1
5619,2
5620,1
5621,24
5622,6
5623,7
5624,3
5625,308
5626,3
5627,3
5628,17
5629,11
5630,65
5631,8
5632,527
5633,9
5634,2
5635,7
5636,14
5637,18
5638,0
5639,0
5640,36
5641,93
5642,0
5643,7
5644,10
5645,8
5646,1
5647,5
5648,279
5649,3
5650,43
5651,116
5652,0
5653,2
5654,2
5655,12
5656,0
5657,11
5658,20
5659,1
5660,1
5661,15
5662,220
5663,7
5664,233
5665,605
5666,1
5667,9
5668,4
5669,102
5670,9
5671,10
5672,10
5673,29
5674,0
5675,0
5676,382
5677,19
5678,1
5679,3
5680,1
5681,32
5682,10
5683,14
5684,18
5685,26
5686,22
5687,1
5688,5
5689,375
5690,330
5691,1
5692,24
5693,12
5694,182
5695,3
5696,19
5697,5
5698,67
5699,1
5700,22
5701,77
5702,3
5703,2
5704,0
5705,2
5706,17
5707,17
5708,12
5709,0
5710,24
5711,699
5712,1
5713,175
5714,3
5715,7
5716,327
5717,4
5718,1
5719,12
5720,1
5721,12
5722,3
5723,0
5724,8
5725,2
5726,301
5727,25
5728,19
5729,15
5730,6
5731,0
5732,17
5733,2
5734,0
5735,0
5736,16
5737,4
5738,37
5739,0
5740,4
5741,113
5742,21
5743,36
5744,17
5745,1
5746,1
5747,7
5748,5
5749,1
5750,79
5751,2
5752,1
5753,1
5754,4
5755,313
5756,8
5757,1
5758,0
5759,27
5760,0
5761,1
5762,110
5763,1
5764,6
5765,4
5766,3
5767,19
5768,4
5769,18
5770,1
5771,3
5772,1
5773,2
5774,6
5775,6
5776,4
5777,1
5778,5
5779,11
5780,71
5781,22
5782,6
5783,27
5784,8
5785,18
5786,12
5787,3
5788,7
5789,11
5790,12
5791,2
5792,1
5793,10
5794,9
5795,0
5796,12
5797,0
5798,1
5799,2
5800,21
5801,856
5802,106
5803,15
5804,4
5805,15
5806,0
5807,28
5808,3
5809,4
5810,13
5811,5
5812,1
5813,26
5814,1
5815,64
5816,5
5817,1
5818,305
5819,19
5820,16
5821,0
5822,7
5823,0
5824,0
5825,11
5826,41
5827,491
5828,6
5829,5
5830,60
5831,15
5832,13
5833,2
5834,18
5835,6
5836,6
5837,1
5838,21
5839,4
5840,37
5841,3
5842,46
5843,38
5844,0
5845,113
5846,1
5847,1
5848,212
5849,0
5850,3
5851,311
5852,12
5853,33
5854,38
5855,15
5856,19
5857,84
5858,23
5859,1
5860,8
5861,7
5862,0
5863,1244
5864,1
5865,1
5866,78
5867,2
5868,166
5869,2
5870,1
5871,15
5872,1
5873,1
5874,12
5875,2
5876,1
5877,34
5878,1
5879,6
5880,3
5881,16
5882,0
5883,1
5884,11
5885,157
5886,8
5887,4
5888,1
5889,48
5890,2
5891,10
5892,2
5893,84
5894,2
5895,375
5896,5
5897,10
5898,1
5899,277
5900,26
5901,77
5902,7
5903,0
5904,14
5905,5
5906,247
5907,4
5908,0
5909,13
5910,15
5911,2
5912,5
5913,38
5914,47
5915,62
5916,3
5917,28
5918,0
5919,1
5920,7
5921,20
5922,3
5923,6
5924,111
5925,15
5926,24
5927,1
5928,151
5929,4
5930,9
5931,623
5932,0
5933,4
5934,11
5935,3
5936,60
5937,108
5938,18
5939,5
5940,20
5941,4
5942,231
5943,4
5944,2
5945,61
5946,0
5947,1
5948,2
5949,2
5950,9
5951,64
5952,9
5953,7
5954,66
5955,2
5956,5
5957,1
5958,3
5959,8
5960,1
5961,1
5962,1
5963,1
5964,27
5965,20
5966,5
5967,2
5968,1
5969,3
5970,0
5971,4
5972,9
5973,83
5974,103
5975,0
5976,125
5977,25
5978,6
5979,0
5980,1
5981,58
5982,4
5983,13
5984,0
5985,24
5986,3
5987,24
5988,1
5989,19
5990,12
5991,2
5992,1
5993,4
5994,10
5995,1
5996,26
5997,6
5998,3
5999,30
6000,53
6001,6
6002,5
6003,631
6004,0
6005,3
6006,10
6007,2
6008,1
6009,14
6010,116
6011,4
6012,13
6013,2
6014,737
6015,16
6016,3
6017,310
6018,4
6019,1
6020,28
6021,52
6022,344
6023,2
6024,28
6025,1
6026,103
6027,239
6028,8
6029,0
6030,4
6031,12
6032,101
6033,0
6034,55
6035,0
6036,13
6037,1
6038,6
6039,135
6040,4
6041,3
6042,1
6043,5
6044,1
6045,3
6046,4
6047,78
6048,5
6049,14
6050,1
6051,60
6052,4
6053,7
6054,21
6055,15
6056,2
6057,6
6058,5
6059,62
6060,0
6061,2
6062,1
6063,88
6064,73
6065,19
6066,20
6067,16
6068,8
6069,1
6070,842
6071,16
6072,2
6073,0
6074,44
6075,1
6076,22
6077,0
6078,11
6079,3
6080,3
6081,7
6082,31
6083,0
6084,29
6085,1
6086,29
6087,5
6088,2
6089,0
6090,7
6091,13
6092,7
6093,1
6094,2
6095,6
6096,104
6097,24
6098,4
6099,2
6100,1
6101,5
6102,8
6103,1
6104,5
6105,18
6106,78
6107,2
6108,2
6109,8
6110,46
6111,5
6112,15
6113,9
6114,1
6115,12
6116,1
6117,10
6118,6
6119,56
6120,0
6121,67
6122,0
6123,1
6124,9
6125,7
6126,18
6127,15
6128,2
6129,264
6130,1
6131,2
6132,19
6133,3
6134,1
6135,2
6136,7
6137,1
6138,14
6139,27
6140,2
6141,6
6142,8
6143,1
6144,8
6145,4
6146,0
6147,9
6148,1
6149,0
6150,1
6151,35
6152,9
6153,4
6154,0
6155,5
6156,3
6157,0
6158,29
6159,4
6160,7
6161,15
6162,32
6163,61
6164,6
6165,1
6166,6
6167,5
6168,6
6169,27
6170,0
6171,2
6172,3
6173,2
6174,4
6175,1
6176,1
6177,21
6178,5
6179,1
6180,33
6181,41
6182,61
6183,52
6184,2
6185,18
6186,413
6187,2
6188,9
6189,28
6190,23
6191,4
6192,9
6193,23
6194,1
6195,10
6196,0
6197,1
6198,14
6199,0
6200,14
6201,3
6202,15
6203,1
6204,14
6205,3
6206,4
6207,24
6208,2
6209,22
6210,3
6211,3
6212,16
6213,5
6214,2
6215,1
6216,0
6217,19
6218,30
6219,1
6220,1
6221,2
6222,1
6223,22
6224,126
6225,315
6226,6
6227,0
6228,3
6229,14
6230,9
6231,69
6232,39
6233,56
6234,1
6235,66
6236,0
6237,7
6238,1
6239,0
6240,1
6241,11
6242,0
6243,2
6244,0
6245,9
6246,0
6247,4
6248,20
6249,6
6250,5
6251,29
6252,0
6253,1
6254,12
6255,19
6256,11
6257,456
6258,7
6259,4
6260,4
6261,187
6262,24
6263,1
6264,3
6265,16
6266,8
6267,0
6268,1
6269,49
6270,12
6271,179
6272,35
6273,5
6274,2
6275,1
6276,490
6277,3
6278,1
6279,103
6280,2
6281,15
6282,16
6283,3
6284,7
6285,54
6286,17
6287,0
6288,1
6289,17
6290,0
6291,0
6292,9
6293,18
6294,7
6295,3
6296,41
6297,11
6298,2
6299,13
6300,7
6301,265
6302,5
6303,3
6304,3
6305,30
6306,5
6307,49
6308,9
6309,5
6310,7
6311,73
6312,35
6313,168
6314,16
6315,2
6316,1
6317,2
6318,2
6319,6
6320,44
6321,0
6322,4
6323,1
6324,20
6325,2
6326,1
6327,0
6328,9
6329,14
6330,38
6331,1
6332,23
6333,10
6334,25
6335,3
6336,5
6337,3
6338,1
6339,1
6340,56
6341,1
6342,1
6343,7
6344,7
6345,299
6346,15
6347,4
6348,1
6349,59
6350,1
6351,5
6352,8
6353,0
6354,5
6355,1
6356,1
6357,12
6358,1
6359,3
6360,11
6361,5
6362,1
6363,33
6364,7
6365,29
6366,1
6367,0
6368,1
6369,1
6370,0
6371,12
6372,15
6373,1
6374,18
6375,6
6376,0
6377,113
6378,0
6379,22
6380,0
6381,291
6382,4
6383,9
6384,88
6385,18
6386,26
6387,0
6388,0
6389,0
6390,1
6391,15
6392,74
6393,6
6394,0
6395,21
6396,15
6397,2
6398,1
6399,4
6400,6
6401,3
6402,1
6403,295
6404,69
6405,19
6406,6
6407,24
6408,58
6409,60
6410,15
6411,54
6412,1
6413,10
6414,3
6415,40
6416,166
6417,8
6418,0
6419,519
6420,1
6421,5
6422,41
6423,12
6424,3
6425,3
6426,2
6427,1
6428,21
6429,19
6430,1
6431,1
6432,5
6433,2
6434,96
6435,5
6436,47
6437,12
6438,47
6439,15
6440,6
6441,81
6442,32
6443,9
6444,6
6445,5
6446,9
6447,104
6448,20
6449,3
6450,46
6451,6
6452,8
6453,5
6454,29
6455,9
6456,3
6457,1
6458,0
6459,3
6460,86
6461,1
6462,2
6463,4
6464,1265
6465,13
6466,2
6467,0
6468,1
6469,29
6470,0
6471,14
6472,1
6473,19
6474,35
6475,1
6476,7
6477,2
6478,171
6479,73
6480,20
6481,0
6482,2
6483,5
6484,6
6485,1
6486,24
6487,15
6488,4
6489,78
6490,1
6491,2
6492,2
6493,4
6494,12
6495,59
6496,61
6497,0
6498,21
6499,13
6500,5
6501,1
6502,163
6503,0
6504,6
6505,0
6506,6
6507,2
6508,4
6509,7
6510,0
6511,145
6512,55
6513,5
6514,5
6515,2
6516,32
6517,0
6518,8
6519,0
6520,17
6521,123
6522,10
6523,191
6524,5
6525,1
6526,10
6527,328
6528,1
6529,20
6530,1
6531,2
6532,15
6533,2
6534,1
6535,1
6536,730
6537,1
6538,45
6539,1
6540,12
6541,14
6542,51
6543,0
6544,1
6545,4
6546,576
6547,4
6548,1
6549,0
6550,6
6551,0
6552,2
6553,1
6554,10
6555,2
6556,11
6557,0
6558,133
6559,0
6560,3
6561,7
6562,7
6563,0
6564,78
6565,19
6566,5
6567,30
6568,63
6569,0
6570,16
6571,3
6572,5
6573,2
6574,2
6575,3
6576,34
6577,2
6578,4
6579,1
6580,12
6581,6
6582,1
6583,0
6584,4
6585,1
6586,63
6587,0
6588,15
6589,24
6590,0
6591,7
6592,12
6593,0
6594,11
6595,9
6596,11
6597,673
6598,7
6599,3
6600,1
6601,1
6602,0
6603,0
6604,93
6605,0
6606,6
6607,6
6608,1
6609,36
6610,14
6611,0
6612,0
6613,5
6614,31
6615,2
6616,11
6617,15
6618,10
6619,1
6620,22
6621,56
6622,14
6623,2
6624,6
6625,0
6626,84
6627,15
6628,21
6629,4
6630,5
6631,5
6632,1
6633,1
6634,60
6635,1
6636,2
6637,1
6638,25
6639,26
6640,1
6641,13
6642,1
6643,0
6644,2
6645,14
6646,1
6647,4
6648,69
6649,4
6650,1
6651,10
6652,2
6653,0
6654,28
6655,1
6656,117
6657,20
6658,12
6659,119
6660,40
6661,4
6662,1
6663,1
6664,10
6665,7
6666,611
6667,11
6668,184
6669,10
6670,5
6671,24
6672,3
6673,0
6674,1
6675,21
6676,1
6677,15
6678,7
6679,14
6680,22
6681,16
6682,36
6683,19
6684,1
6685,7
6686,1
6687,1
6688,5
6689,1
6690,221
6691,425
6692,1
6693,14
6694,4
6695,9
6696,22
6697,1
6698,10
6699,15
6700,434
6701,1
6702,14
6703,0
6704,1
6705,1
6706,16
6707,6
6708,2
6709,12
6710,3
6711,1
6712,1
6713,0
6714,0
6715,49
6716,5
6717,8
6718,9
6719,1
6720,0
6721,3
6722,5
6723,20
6724,6
6725,1
6726,21
6727,15
6728,2
6729,63
6730,3
6731,6
6732,0
6733,0
6734,524
6735,15
6736,3
6737,39
6738,1
6739,52
6740,20
6741,30
6742,34
6743,4
6744,1
6745,4
6746,6
6747,15
6748,1
6749,0
6750,0
6751,1
6752,171
6753,2
6754,3
6755,6
6756,4
6757,28
6758,49
6759,11
6760,9
6761,0
6762,4
6763,1
6764,4
6765,6
6766,3
6767,2
6768,4
6769,23
6770,1
6771,324
6772,295
6773,1
6774,13
6775,1
6776,0
6777,0
6778,105
6779,25
6780,3
6781,10
6782,128
6783,3
6784,12
6785,10
6786,8
6787,0
6788,10
6789,8
6790,9
6791,39
6792,63
6793,5
6794,1
6795,2
6796,0
6797,12
6798,119
6799,1
6800,1
6801,2
6802,1
6803,9
6804,30
6805,3
6806,2
6807,1
6808,6
6809,19
6810,7
6811,1
6812,10
6813,2
6814,18
6815,23
6816,9
6817,2
6818,1
6819,106
6820,27
6821,6
6822,20
6823,65
6824,1
6825,4
6826,3
6827,140
6828,149
6829,3
6830,29
6831,4
6832,19
6833,2
6834,7
6835,4
6836,3
6837,10
6838,2
6839,9
6840,48
6841,123
6842,0
6843,3
6844,14
6845,13
6846,19
6847,0
6848,1
6849,1
6850,34
6851,6
6852,88
6853,193
6854,87
6855,1
6856,3
6857,4
6858,1
6859,18
6860,1
6861,4
6862,11
6863,2
6864,1
6865,7
6866,21
6867,7
6868,8
6869,70
6870,1
6871,1
6872,23
6873,2
6874,8
6875,5
6876,3
6877,113
6878,56
6879,1
6880,0
6881,1
6882,0
6883,0
6884,14
6885,5
6886,23
6887,15
6888,1
6889,3
6890,2
6891,0
6892,2
6893,1
6894,40
6895,2
6896,2
6897,339
6898,224
6899,10
6900,3
6901,9
6902,18
6903,2
6904,2
6905,4
6906,22
6907,3
6908,1
6909,12
6910,0
6911,10
6912,6
6913,4
6914,3
6915,117
6916,1
6917,7
6918,17
6919,4
6920,10
6921,20
6922,37
6923,0
6924,4
6925,113
6926,6
6927,27
6928,18
6929,0
6930,2
6931,22
6932,33
6933,13
6934,1
6935,4
6936,20
6937,309
6938,4
6939,10
6940,4
6941,9
6942,0
6943,55
6944,9
6945,29
6946,0
6947,1
6948,1
6949,47
6950,0
6951,0
6952,102
6953,5
6954,18
6955,135
6956,40
6957,5
6958,2
6959,44
6960,12
6961,0
6962,3
6963,7
6964,5
6965,43
6966,1
6967,36
6968,7
6969,59
6970,6
6971,0
6972,0
6973,64
6974,0
6975,2
6976,9
6977,1
6978,25
6979,10
6980,53
6981,12
6982,17
6983,0
6984,1
6985,29
6986,0
6987,9
6988,11
6989,12
6990,1
6991,11
6992,6
6993,30
6994,3
6995,7
6996,1
6997,2
6998,39
6999,0
7000,4
7001,226
7002,44
7003,20
7004,0
7005,8
7006,458
7007,8
7008,1
7009,13
7010,5
7011,4
7012,1
7013,4
7014,4
7015,14
7016,2
7017,20
7018,6
7019,3
7020,94
7021,28
7022,0
7023,209
7024,53
7025,0
7026,19
7027,5
7028,1
7029,4
7030,9
7031,3
7032,0
7033,11
7034,27
7035,14
7036,15
7037,35
7038,1
7039,1
7040,5
7041,6
7042,47
7043,80
7044,6
7045,7
7046,1
7047,2
7048,1
7049,2
7050,80
7051,1
7052,1
7053,38
7054,0
7055,2
7056,1
7057,2
7058,211
7059,7
7060,10
7061,0
7062,12
7063,3
7064,0
7065,24
7066,7
7067,972
7068,21
7069,0
7070,50
7071,17
7072,49
7073,10
7074,1
7075,0
7076,5
7077,8
7078,4
7079,2
7080,2
7081,256
7082,2
7083,3
7084,10
7085,17
7086,12
7087,4
7088,0
7089,2
7090,1
7091,197
7092,14
7093,443
7094,71
7095,7
7096,34
7097,34
7098,18
7099,5
7100,171
7101,149
7102,1
7103,2
7104,1
7105,0
7106,13
7107,1
7108,9
7109,4
7110,2
7111,5
7112,4
7113,0
7114,1
7115,0
7116,1
7117,3
7118,281
7119,1
7120,9
7121,8
7122,26
7123,0
7124,1
7125,11
7126,1
7127,28
7128,9
7129,1
7130,4
7131,24
7132,16
7133,17
7134,3
7135,24
7136,9
7137,5
7138,2
7139,0
7140,6
7141,6
7142,12
7143,1
7144,11
7145,26
7146,3
7147,2
7148,34
7149,1
7150,4
7151,0
7152,6
7153,106
7154,2
7155,1
7156,14
7157,2
7158,3
7159,12
7160,2
7161,2
7162,23
7163,6
7164,17
7165,3
7166,182
7167,2
7168,11
7169,34
7170,1
7171,3
7172,2
7173,1
7174,1
7175,2
7176,100
7177,4
7178,11
7179,0
7180,0
7181,17
7182,0
7183,19
7184,20
7185,3
7186,9
7187,55
7188,3
7189,307
7190,0
7191,10
7192,15
7193,8
7194,0
7195,31
7196,19
7197,28
7198,3
7199,9
7200,24
7201,5
7202,40
7203,0
7204,19
7205,63
7206,7
7207,3
7208,184
7209,1
7210,1
7211,1
7212,6
7213,3
7214,13
7215,4
7216,11
7217,1
7218,1
7219,1269
7220,84
7221,7
7222,1
7223,32
7224,0
7225,14
7226,1
7227,1
7228,2
7229,9
7230,1
7231,1
7232,2
7233,0
7234,0
7235,1
7236,7
7237,6
7238,76
7239,3
7240,1
7241,15
7242,3
7243,6
7244,2
7245,33
7246,9
7247,6
7248,27
7249,17
7250,0
7251,39
7252,2
7253,9
7254,10
7255,1
7256,7
7257,3
7258,0
7259,1
7260,724
7261,17
7262,2
7263,21
7264,44
7265,31
7266,1
7267,48
7268,3
7269,10
7270,26
7271,25
7272,9
7273,3
7274,6
7275,7
7276,1
7277,35
7278,3
7279,0
7280,1
7281,3
7282,8
7283,3
7284,5
7285,36
7286,0
7287,0
7288,59
7289,1
7290,50
7291,1
7292,2
7293,171
7294,2
7295,250
7296,23
7297,26
7298,28
7299,1
7300,44
7301,48
7302,223
7303,8
7304,7
7305,1
7306,53
7307,4
7308,1
7309,25
7310,8
7311,9
7312,36
7313,1
7314,0
7315,160
7316,2
7317,0
7318,21
7319,12
7320,3
7321,37
7322,11
7323,0
7324,198
7325,1
7326,2
7327,40
7328,1
7329,24
7330,24
7331,10
7332,2
7333,52
7334,8
7335,12
7336,1
7337,13
7338,7
7339,1
7340,1
7341,10
7342,35
7343,12
7344,9
7345,21
7346,7
7347,6
7348,0
7349,10
7350,0
7351,9
7352,14
7353,5
7354,15
7355,1
7356,1
7357,5
7358,4
7359,1
7360,10
7361,4
7362,40
7363,3
7364,37
7365,1
7366,24
7367,48
7368,6
7369,9
7370,30
7371,4
7372,5
7373,27
7374,11
7375,0
7376,0
7377,1
7378,17
7379,66
7380,6
7381,15
7382,1
7383,2
7384,40
7385,141
7386,1
7387,1
7388,5
7389,4
7390,4
7391,2
7392,12
7393,6
7394,1
7395,4
7396,5
7397,11
7398,1
7399,2
7400,12
7401,1
7402,36
7403,1
7404,9
7405,5
7406,0
7407,2
7408,2
7409,15
7410,2
7411,34
7412,563
7413,2
7414,28
7415,267
7416,2
7417,0
7418,5
7419,95
7420,28
7421,0
7422,6
7423,5
7424,7
7425,246
7426,0
7427,8
7428,15
7429,25
7430,7
7431,4
7432,118
7433,0
7434,1
7435,3
7436,104
7437,0
7438,33
7439,2
7440,0
7441,1
7442,1
7443,8
7444,14
7445,30
7446,36
7447,1
7448,13
7449,1
7450,2
7451,286
7452,14
7453,1
7454,2
7455,1
7456,17
7457,3
7458,1
7459,3
7460,1
7461,15
7462,0
7463,19
7464,2
7465,85
7466,2
7467,4
7468,73
7469,5
7470,7
7471,63
7472,87
7473,3
7474,1
7475,2
7476,8
7477,0
7478,9
7479,13
7480,0
7481,2
7482,9
7483,0
7484,7
7485,117
7486,9
7487,6
7488,44
7489,1
7490,25
7491,1
7492,4
7493,1
7494,3
7495,3
7496,14
7497,4
7498,11
7499,17
7500,14
7501,8
7502,253
7503,0
7504,1
7505,18
7506,26
7507,58
7508,557
7509,19
7510,8
7511,1
7512,6
7513,26
7514,1
7515,572
7516,1
7517,0
7518,5
7519,9
7520,1
7521,69
7522,82
7523,4
7524,59
7525,2
7526,4
7527,90
7528,12
7529,6
7530,1
7531,5
7532,13
7533,74
7534,0
7535,9
7536,9
7537,13
7538,19
7539,3
7540,0
7541,19
7542,12
7543,0
7544,3
7545,2
7546,57
7547,67
7548,28
7549,26
7550,0
7551,29
7552,5
7553,0
7554,0
7555,6
7556,65
7557,3
7558,1
7559,1
7560,0
7561,77
7562,43
7563,16
7564,1
7565,6
7566,33
7567,1
7568,2
7569,4
7570,60
7571,45
7572,21
7573,4
7574,132
7575,2
7576,14
7577,8
7578,243
7579,10
7580,33
7581,6
7582,13
7583,27
7584,4
7585,564
7586,59
7587,0
7588,11
7589,3
7590,0
7591,3
7592,7
7593,34
7594,1837
7595,51
7596,12
7597,1
7598,67
7599,6
7600,6
7601,1
7602,27
7603,9
7604,5
7605,24
7606,15
7607,10
7608,0
7609,0
7610,6
7611,33
7612,2
7613,5
7614,51
7615,139
7616,24
7617,23
7618,6
7619,1
7620,1
7621,1
7622,10
7623,14
7624,0
7625,18
7626,1
7627,7
7628,4
7629,4
7630,3
7631,13
7632,23
7633,5
7634,15
7635,1
7636,260
7637,0
7638,16
7639,0
7640,31
7641,2
7642,12
7643,259
7644,18
7645,3
7646,105
7647,10
7648,9
7649,70
7650,5
7651,1
7652,0
7653,5
7654,13
7655,1
7656,3
7657,0
7658,21
7659,0
7660,12
7661,0
7662,51
7663,13
7664,1
7665,6
7666,1
7667,14
7668,4
7669,27
7670,37
7671,16
7672,32
7673,1
7674,7
7675,9
7676,0
7677,1
7678,1
7679,20
7680,137
7681,26
7682,3
7683,6
7684,170
7685,15
7686,26
7687,2
7688,2
7689,1
7690,21
7691,7
7692,1180
7693,1
7694,5
7695,124
7696,7
7697,1
7698,8
7699,18
7700,0
7701,12
7702,1
7703,1
7704,18
7705,11
7706,1
7707,7
7708,13
7709,1
7710,14
7711,2
7712,5
7713,20
7714,149
7715,1
7716,1
7717,4
7718,16
7719,0
7720,0
7721,3
7722,44
7723,3
7724,77
7725,24
7726,4
7727,72
7728,4
7729,2
7730,3
7731,0
7732,63
7733,2
7734,3
7735,1
7736,71
7737,2
7738,126
7739,3
7740,2
7741,1
7742,10
7743,9
7744,21
7745,1
7746,3
7747,0
7748,85
7749,1
7750,9
7751,1
7752,263
7753,71
7754,8
7755,7
7756,16
7757,10
7758,15
7759,1
7760,6
7761,1
7762,1
7763,0
7764,1
7765,2
7766,27
7767,14
7768,54
7769,2
7770,725
7771,7
7772,1
7773,4
7774,0
7775,36
7776,10
7777,0
7778,3
7779,328
7780,0
7781,1
7782,3
7783,5
7784,42
7785,0
7786,3
7787,13
7788,3
7789,2
7790,0
7791,2
7792,323
7793,4
7794,16
7795,173
7796,50
7797,0
7798,19
7799,1
7800,1
7801,152
7802,0
7803,1
7804,6
7805,1
7806,10
7807,4
7808,7
7809,132
7810,4
7811,71
7812,3
7813,1
7814,0
7815,5
7816,3
7817,9
7818,39
7819,51
7820,30
7821,7
7822,0
7823,59
7824,42
7825,29
7826,1
7827,1
7828,1
7829,1
7830,3
7831,12
7832,2
7833,179
7834,4
7835,2
7836,48
7837,0
7838,177
7839,5
7840,0
7841,0
7842,53
7843,4
7844,4
7845,247
7846,5
7847,6
7848,1
7849,21
7850,9
7851,7
7852,14
7853,6
7854,10
7855,20
7856,5
7857,6
7858,3
7859,19
7860,3
7861,20
7862,3
7863,5
7864,1
7865,0
7866,14
7867,4
7868,21
7869,0
7870,36
7871,70
7872,29
7873,7
7874,6
7875,3
7876,960
7877,2
7878,1
7879,4
7880,84
7881,1
7882,60
7883,10
7884,6
7885,22
7886,65
7887,1
7888,3
7889,13
7890,65
7891,63
7892,4
7893,4
7894,8
7895,25
7896,98
7897,8
7898,8
7899,10
7900,6
7901,0
7902,15
7903,5
7904,20
7905,0
7906,5
7907,15
7908,1
7909,1
7910,3
7911,3
7912,4
7913,282
7914,3
7915,1
7916,18
7917,3
7918,0
7919,0
7920,3
7921,1
7922,51
7923,70
7924,12
7925,11
7926,53
7927,67
7928,0
7929,0
7930,1
7931,1
7932,4
7933,31
7934,16
7935,254
7936,3
7937,3
7938,9
7939,3
7940,5
7941,2
7942,2
7943,9
7944,3
7945,1
7946,136
7947,157
7948,5
7949,17
7950,17
7951,1
7952,15
7953,40
7954,15
7955,3
7956,7
7957,9
7958,0
7959,0
7960,6
7961,1
7962,5
7963,10
7964,6
7965,8
7966,7
7967,2
7968,0
7969,7
7970,7
7971,11
7972,45
7973,80
7974,2
7975,1
7976,18
7977,9
7978,1
7979,4
7980,1
7981,3
7982,10
7983,71
7984,225
7985,0
7986,264
7987,11
7988,33
7989,13
7990,168
7991,2
7992,9
7993,9
7994,100
7995,0
7996,74
7997,0
7998,0
7999,0
8000,7
8001,1
8002,0
8003,1
8004,7
8005,2
8006,0
8007,3
8008,1
8009,12
8010,1
8011,4
8012,37
8013,9
8014,4
8015,8
8016,0
8017,3
8018,1
8019,19
8020,8
8021,4
8022,52
8023,1
8024,122
8025,0
8026,2
8027,0
8028,0
8029,10
8030,2
8031,2
8032,1
8033,206
8034,1
8035,2
8036,15
8037,80
8038,0
8039,2
8040,1
8041,106
8042,17
8043,9
8044,1
8045,4
8046,2
8047,2
8048,8
8049,4
8050,8
8051,1
8052,18
8053,4
8054,6
8055,46
8056,7
8057,16
8058,1
8059,0
8060,2
8061,93
8062,1
8063,0
8064,2
8065,8
8066,20
8067,175
8068,1
8069,36
8070,3
8071,4
8072,51
8073,44
8074,10
8075,12
8076,729
8077,1
8078,1
8079,1
8080,4
8081,119
8082,4
8083,9
8084,1
8085,3
8086,5
8087,3
8088,11
8089,197
8090,1
8091,327
8092,15
8093,83
8094,56
8095,1
8096,48
8097,3
8098,1
8099,6
8100,4
8101,16
8102,1253
8103,10
8104,52
8105,1
8106,0
8107,15
8108,16
8109,147
8110,2
8111,21
8112,4
8113,0
8114,1
8115,9
8116,5
8117,92
8118,3
8119,1
8120,8
8121,15
8122,6
8123,96
8124,0
8125,5
8126,1
8127,13
8128,0
8129,6
8130,4
8131,1
8132,1
8133,4
8134,45
8135,1
8136,157
8137,1
8138,66
8139,3
8140,1651
8141,7
8142,5
8143,3
8144,2
8145,20
8146,1
8147,1
8148,0
8149,4
8150,173
8151,5
8152,3
8153,0
8154,23
8155,41
8156,3
8157,2
8158,8
8159,1
8160,4
8161,11
8162,5
8163,7
8164,2
8165,2
8166,222
8167,0
8168,6
8169,43
8170,2
8171,6
8172,2
8173,8
8174,10
8175,269
8176,193
8177,97
8178,1
8179,0
8180,445
8181,5
8182,1
8183,37
8184,94
8185,3
8186,207
8187,343
8188,62
8189,5
8190,188
8191,6
8192,0
8193,4
8194,15
8195,31
8196,142
8197,1
8198,10
8199,8
8200,1
8201,9
8202,0
8203,4
8204,2
8205,0
8206,82
8207,1
8208,7
8209,6
8210,2
8211,1
8212,105
8213,16
8214,59
8215,47
8216,23
8217,44
8218,1
8219,20
8220,1
8221,2
8222,7
8223,12
8224,373
8225,4
8226,2
8227,7
8228,1312
8229,8
8230,1
8231,1
8232,18
8233,25
8234,26
8235,52
8236,3
8237,4
8238,3
8239,79
8240,1
8241,15
8242,1
8243,5
8244,9
8245,6
8246,7
8247,0
8248,5
8249,4
8250,4
8251,4
8252,6
8253,3
8254,1
8255,9
8256,15
8257,0
8258,4
8259,12
8260,2
8261,5
8262,5
8263,0
8264,3
8265,3
8266,8
8267,3
8268,5
8269,13
8270,5
8271,3
8272,26
8273,34
8274,2
8275,8
8276,1
8277,32
8278,7
8279,1883
8280,1
8281,23
8282,10
8283,735
8284,0
8285,18
8286,2
8287,13
8288,6
8289,7
8290,66
8291,1
8292,4
8293,169
8294,14
8295,4
8296,11
8297,3
8298,17
8299,10
8300,7
8301,50
8302,0
8303,0
8304,7
8305,0
8306,1
8307,13
8308,0
8309,39
8310,38
8311,62
8312,1
8313,8
8314,2
8315,1
8316,0
8317,34
8318,5
8319,1
8320,68
8321,0
8322,22
8323,3
8324,3
8325,1
8326,164
8327,1
8328,52
8329,1
8330,3
8331,2
8332,2
8333,11
8334,4
8335,73
8336,16
8337,3
8338,1
8339,121
8340,5
8341,17
8342,0
8343,4
8344,120
8345,26
8346,3
8347,1
8348,7
8349,4
8350,7
8351,55
8352,24
8353,1358
8354,0
8355,6
8356,2
8357,0
8358,5
8359,6
8360,6
8361,1
8362,11
8363,370
8364,30
8365,4
8366,0
8367,2
8368,30
8369,27
8370,5
8371,9
8372,174
8373,8
8374,0
8375,2
8376,0
8377,1
8378,22
8379,1
8380,322
8381,28
8382,10
8383,40
8384,19
8385,75
8386,3
8387,0
8388,5
8389,4
8390,3
8391,1
8392,0
8393,1
8394,17
8395,1
8396,27
8397,2
8398,55
8399,105
8400,2
8401,3
8402,0
8403,0
8404,0
8405,31
8406,0
8407,2
8408,2
8409,1
8410,22
8411,11
8412,18
8413,27
8414,4
8415,35
8416,47
8417,0
8418,10
8419,83
8420,14
8421,2
8422,0
8423,16
8424,71
8425,19
8426,12
8427,1
8428,3
8429,14
8430,0
8431,4
8432,1
8433,10
8434,3
8435,1
8436,0
8437,6
8438,9
8439,3
8440,90
8441,104
8442,16
8443,12
8444,20
8445,3
8446,1
8447,4
8448,6
8449,207
8450,23
8451,0
8452,6
8453,14
8454,12
8455,10
8456,26
8457,2
8458,47
8459,3
8460,2
8461,3
8462,5
8463,15
8464,1
8465,46
8466,121
8467,1
8468,19
8469,35
8470,0
8471,12
8472,19
8473,0
8474,1
8475,2
8476,0
8477,1
8478,56
8479,2
8480,280
8481,4
8482,12
8483,269
8484,3
8485,2
8486,1
8487,1
8488,0
8489,1
8490,45
8491,10
8492,1
8493,4
8494,1
8495,53
8496,1
8497,3
8498,8
8499,3
8500,25
8501,3
8502,14
8503,1
8504,297
8505,0
8506,382
8507,1
8508,15
8509,4
8510,10
8511,2006
8512,2
8513,67
8514,0
8515,2
8516,79
8517,9
8518,1
8519,1
8520,5
8521,6
8522,2
8523,14
8524,6
8525,28
8526,5
8527,1
8528,1
8529,1
8530,3
8531,5
8532,3
8533,4
8534,1
8535,1
8536,1
8537,3
8538,0
8539,70
8540,13
8541,3
8542,17
8543,959
8544,1
8545,0
8546,225
8547,5
8548,14
8549,21
8550,84
8551,34
8552,0
8553,0
8554,46
8555,13
8556,3
8557,0
8558,1
8559,5
8560,61
8561,0
8562,35
8563,0
8564,42
8565,26
8566,10
8567,6
8568,9
8569,0
8570,29
8571,0
8572,70
8573,4
8574,3
8575,13
8576,1
8577,1599
8578,31
8579,61
8580,1
8581,1
8582,26
8583,1
8584,0
8585,14
8586,30
8587,6
8588,42
8589,93
8590,1
8591,20
8592,24
8593,3
8594,0
8595,3
8596,10
8597,2
8598,2
8599,7
8600,0
8601,0
8602,24
8603,4
8604,28
8605,19
8606,1
8607,22
8608,10
8609,6
8610,24
8611,1
8612,1
8613,0
8614,1
8615,5
8616,1407
8617,0
8618,16
8619,14
8620,4
8621,5
8622,58
8623,9
8624,1
8625,0
8626,0
8627,11
8628,2
8629,116
8630,1
8631,41
8632,0
8633,4
8634,158
8635,11
8636,2
8637,29
8638,18
8639,2
8640,9
8641,2
8642,2
8643,0
8644,1065
8645,27
8646,452
8647,1
8648,6
8649,2
8650,8
8651,5
8652,3
8653,2
8654,13
8655,20
8656,1
8657,1
8658,15
8659,5
8660,14
8661,28
8662,7
8663,2
8664,109
8665,1
8666,105
8667,1
8668,4
8669,1
8670,11
8671,56
8672,19
8673,19
8674,9
8675,12
8676,2
8677,0
8678,1
8679,1
8680,1
8681,5
8682,1
8683,1
8684,2
8685,36
8686,1
8687,2
8688,25
8689,1
8690,46
8691,62
8692,6
8693,460
8694,16
8695,575
8696,0
8697,0
8698,6
8699,13
8700,45
8701,384
8702,0
8703,0
8704,17
8705,483
8706,4
8707,6
8708,38
8709,0
8710,8
8711,5
8712,195
8713,76
8714,26
8715,12
8716,223
8717,39
8718,24
8719,1
8720,1
8721,19
8722,7
8723,31
8724,269
8725,17
8726,211
8727,1
8728,5
8729,9
8730,28
8731,15
8732,0
8733,2
8734,12
8735,20
8736,6
8737,16
8738,183
8739,137
8740,1
8741,2
8742,18
8743,4
8744,1
8745,20
8746,0
8747,4
8748,404
8749,0
8750,1
8751,2
8752,2
8753,30
8754,3
8755,1
8756,2
8757,16
8758,0
8759,6
8760,77
8761,9
8762,0
8763,1
8764,36
8765,4
8766,3
8767,0
8768,42
8769,114
8770,2
8771,27
8772,21
8773,49
8774,0
8775,1
8776,1
8777,14
8778,1
8779,5
8780,9
8781,14
8782,304
8783,4
8784,0
8785,21
8786,2
8787,34
8788,15
8789,11
8790,19
8791,189
8792,25
8793,8
8794,4
8795,1
8796,17
8797,300
8798,0
8799,22
8800,47
8801,4
8802,9
8803,2
8804,9
8805,3
8806,170
8807,22
8808,5
8809,2
8810,1
8811,12
8812,281
8813,59
8814,179
8815,101
8816,76
8817,1
8818,47
8819,13
8820,2
8821,2
8822,123
8823,0
8824,13
8825,9
8826,1
8827,28
8828,130
8829,16
8830,4
8831,2
8832,7
8833,8
8834,18
8835,9
8836,20
8837,1
8838,36
8839,31
8840,3
8841,40
8842,7
8843,0
8844,25
8845,21
8846,8
8847,24
8848,362
8849,6
8850,1
8851,0
8852,72
8853,24
8854,1
8855,1
8856,3
8857,348
8858,23
8859,40
8860,0
8861,9
8862,25
8863,1
8864,13
8865,4
8866,3
8867,47
8868,14
8869,9
8870,2
8871,21
8872,78
8873,11
8874,1
8875,1
8876,2
8877,5
8878,4
8879,8
8880,1
8881,4
8882,242
8883,8
8884,7
8885,1
8886,3
8887,8
8888,70
8889,3
8890,2
8891,0
8892,18
8893,1
8894,2
8895,91
8896,26
8897,5
8898,1
8899,0
8900,5
8901,7
8902,0
8903,1
8904,1
8905,50
8906,5
8907,0
8908,34
8909,2
8910,1
8911,541
8912,12
8913,2
8914,6
8915,226
8916,1
8917,167
8918,1
8919,24
8920,49
8921,3
8922,9
8923,4
8924,19
8925,6
8926,86
8927,9
8928,79
8929,112
8930,0
8931,15
8932,38
8933,19
8934,1
8935,10
8936,19
8937,1
8938,1
8939,4
8940,27
8941,96
8942,4
8943,256
8944,0
8945,20
8946,2
8947,4
8948,80
8949,1
8950,108
8951,9
8952,5
8953,11
8954,35
8955,9
8956,12
8957,3
8958,0
8959,21
8960,106
8961,4
8962,62
8963,3
8964,9
8965,0
8966,36
8967,7
8968,5
8969,10
8970,1
8971,1
8972,77
8973,19
8974,3
8975,2
8976,6
8977,41
8978,9
8979,8
8980,3
8981,26
8982,4
8983,80
8984,6
8985,546
8986,11
8987,0
8988,6
8989,91
8990,0
8991,15
8992,3
8993,149
8994,7
8995,4
8996,380
8997,79
8998,1
8999,5
9000,0
9001,3
9002,4
9003,12
9004,0
9005,247
9006,35
9007,3
9008,71
9009,2
9010,25
9011,87
9012,4
9013,57
9014,7
9015,14
9016,4
9017,10
9018,22
9019,3
9020,0
9021,21
9022,0
9023,54
9024,2
9025,4
9026,3
9027,0
9028,1
9029,4
9030,4
9031,9
9032,13
9033,14
9034,17
9035,4
9036,1
9037,645
9038,13
9039,0
9040,139
9041,26
9042,192
9043,4
9044,10
9045,0
9046,1
9047,1
9048,2
9049,5
9050,541
9051,0
9052,21
9053,0
9054,3
9055,23
9056,227
9057,1
9058,28
9059,44
9060,18
9061,0
9062,1
9063,20
9064,46
9065,10
9066,10
9067,82
9068,146
9069,4
9070,2
9071,11
9072,18
9073,11
9074,12
9075,9
9076,3
9077,9
9078,65
9079,1
9080,10
9081,81
9082,29
9083,1
9084,7
9085,1
9086,20
9087,0
9088,13
9089,5
9090,5
9091,1
9092,95
9093,0
9094,6
9095,4
9096,9
9097,4
9098,7
9099,2
9100,3
9101,43
9102,0
9103,6
9104,0
9105,4
9106,34
9107,436
9108,1
9109,3
9110,0
9111,1
9112,108
9113,7
9114,5
9115,1
9116,58
9117,6
9118,1
9119,6
9120,7
9121,0
9122,1
9123,13
9124,1
9125,93
9126,16
9127,0
9128,25
9129,29
9130,1
9131,1
9132,2
9133,4
9134,6
9135,9
9136,13
9137,18
9138,0
9139,0
9140,14
9141,57
9142,2
9143,1
9144,1
9145,16
9146,329
9147,4
9148,176
9149,30
9150,1376
9151,48
9152,11
9153,4
9154,242
9155,12
9156,1
9157,4
9158,11
9159,9
9160,8
9161,580
9162,873
9163,6
9164,3
9165,11
9166,5
9167,53
9168,2
9169,12
9170,0
9171,2
9172,3
9173,1
9174,0
9175,4
9176,9
9177,6
9178,4
9179,189
9180,25
9181,1
9182,20
9183,54
9184,102
9185,28
9186,3
9187,49
9188,88
9189,5
9190,6
9191,7
9192,1
9193,0
9194,165
9195,76
9196,2
9197,88
9198,641
9199,13
9200,233
9201,40
9202,70
9203,3
9204,2
9205,1
9206,112
9207,2
9208,0
9209,2
9210,282
9211,71
9212,1
9213,6
9214,0
9215,29
9216,8
9217,31
9218,30
9219,0
9220,16
9221,5
9222,8
9223,0
9224,92
9225,3
9226,8
9227,3
9228,27
9229,1
9230,4
9231,2
9232,10
9233,5
9234,29
9235,0
9236,6
9237,31
9238,1
9239,2
9240,4
9241,6
9242,0
9243,1
9244,33
9245,5
9246,3
9247,9
9248,81
9249,4
9250,1
9251,6
9252,0
9253,5
9254,2
9255,41
9256,12
9257,3
9258,1
9259,74
9260,17
9261,0
9262,0
9263,3
9264,8
9265,2
9266,0
9267,10
9268,9
9269,4
9270,43
9271,6
9272,36
9273,1
9274,169
9275,3
9276,11
9277,20
9278,0
9279,4
9280,0
9281,11
9282,62
9283,36
9284,46
9285,25
9286,4
9287,21
9288,16
9289,1
9290,19
9291,1
9292,7
9293,11
9294,31
9295,6
9296,403
9297,2
9298,4
9299,3
9300,1
9301,3
9302,15
9303,2
9304,1
9305,90
9306,2
9307,1
9308,0
9309,10
9310,26
9311,1
9312,95
9313,74
9314,1
9315,194
9316,4
9317,196
9318,2
9319,0
9320,22
9321,1
9322,17
9323,13
9324,226
9325,3
9326,4
9327,5
9328,6
9329,2
9330,85
9331,75
9332,15
9333,15
9334,1
9335,4
9336,2
9337,27
9338,31
9339,7
9340,8
9341,73
9342,2
9343,1
9344,9
9345,2
9346,10
9347,19
9348,14
9349,25
9350,30
9351,292
9352,17
9353,6
9354,11
9355,3
9356,6
9357,84
9358,2
9359,234
9360,148
9361,0
9362,5
9363,1
9364,29
9365,1
9366,0
9367,23
9368,0
9369,103
9370,143
9371,342
9372,1
9373,9
9374,1
9375,1
9376,11
9377,350
9378,2
9379,1
9380,0
9381,3
9382,5
9383,30
9384,1
9385,0
9386,0
9387,3
9388,97
9389,6
9390,5
9391,5
9392,2
9393,8
9394,0
9395,6
9396,6
9397,7
9398,9
9399,1
9400,4
9401,2
9402,38
9403,3
9404,0
9405,0
9406,1
9407,1
9408,57
9409,3
9410,2
9411,1
9412,2
9413,11
9414,1
9415,0
9416,11
9417,26
9418,51
9419,1
9420,1
9421,7
9422,12
9423,0
9424,1
9425,21
9426,2
9427,27
9428,4
9429,1
9430,147
9431,6
9432,489
9433,8
9434,1
9435,14
9436,2
9437,2
9438,0
9439,17
9440,13
9441,155
9442,4
9443,98
9444,13
9445,3
9446,0
9447,1
9448,11
9449,16
9450,6
9451,2
9452,3
9453,5
9454,5
9455,22
9456,65
9457,4
9458,6
9459,8
9460,0
9461,0
9462,1
9463,3
9464,43
9465,156
9466,97
9467,3
9468,0
9469,13
9470,4
9471,1
9472,7
9473,5
9474,415
9475,4
9476,1
9477,2
9478,1
9479,74
9480,1
9481,10
9482,15
9483,29
9484,1
9485,2
9486,2
9487,10
9488,3
9489,3
9490,156
9491,44
9492,1
9493,76
9494,0
9495,2
9496,218
9497,13
9498,0
9499,0
9500,0
9501,27
9502,1
9503,1
9504,21
9505,0
9506,958
9507,253
9508,28
9509,2
9510,6
9511,1
9512,212
9513,14
9514,49
9515,10
9516,43
9517,4
9518,0
9519,11
9520,21
9521,29
9522,9
9523,3
9524,1
9525,0
9526,13
9527,2
9528,0
9529,0
9530,27
9531,13
9532,1
9533,12
9534,109
9535,1
9536,5
9537,2
9538,15
9539,0
9540,15
9541,0
9542,17
9543,1
9544,1
9545,8
9546,1
9547,21
9548,2
9549,14
9550,5
9551,2
9552,44
9553,2
9554,2
9555,0
9556,15
9557,2
9558,0
9559,30
9560,3
9561,123
9562,1
9563,1
9564,10
9565,96
9566,6
9567,18
9568,5
9569,1
9570,0
9571,29
9572,1
9573,3
9574,6
9575,3
9576,7
9577,1
9578,1
9579,11
9580,93
9581,14
9582,10
9583,174
9584,18
9585,3
9586,5
9587,4
9588,691
9589,127
9590,2
9591,0
9592,5
9593,3
9594,1
9595,140
9596,5
9597,27
9598,87
9599,1
9600,68
9601,2
9602,1
9603,14
9604,0
9605,4
9606,47
9607,9
9608,0
9609,3
9610,9
9611,1
9612,29
9613,6
9614,1
9615,0
9616,20
9617,7
9618,3
9619,5
9620,34
9621,13
9622,68
9623,0
9624,4
9625,1
9626,0
9627,3
9628,15
9629,8
9630,1
9631,5
9632,126
9633,5
9634,5
9635,1
9636,13
9637,1
9638,13
9639,1
9640,12
9641,178
9642,3
9643,43
9644,1
9645,22
9646,12
9647,13
9648,0
9649,4
9650,1
9651,1
9652,2
9653,24
9654,17
9655,5
9656,4
9657,2
9658,16
9659,0
9660,4
9661,109
9662,1
9663,20
9664,41
9665,3
9666,11
9667,10
9668,1
9669,0
9670,7
9671,0
9672,3
9673,12
9674,287
9675,8
9676,11
9677,7
9678,0
9679,1
9680,0
9681,6
9682,13
9683,2
9684,96
9685,3
9686,0
9687,42
9688,2
9689,1
9690,0
9691,63
9692,1
9693,2
9694,1
9695,20
9696,13
9697,0
9698,29
9699,1052
9700,1
9701,5
9702,20
9703,1
9704,9
9705,63
9706,22
9707,26
9708,7
9709,0
9710,1
9711,34
9712,2
9713,2
9714,49
9715,11
9716,7
9717,27
9718,27
9719,5
9720,1
9721,2
9722,8
9723,7
9724,481
9725,6
9726,3
9727,2
9728,5
9729,12
9730,1
9731,1
9732,0
9733,1
9734,2
9735,58
9736,1
9737,3
9738,0
9739,24
9740,1
9741,0
9742,1
9743,0
9744,8
9745,18
9746,15
9747,53
9748,6
9749,1
9750,281
9751,39
9752,20
9753,117
9754,1477
9755,2
9756,13
9757,108
9758,13
9759,6
9760,12
9761,1938
9762,6
9763,305
9764,3
9765,5
9766,5
9767,4
9768,12
9769,2
9770,13
9771,19
9772,66
9773,8
9774,1
9775,0
9776,0
9777,25
9778,1
9779,12
9780,14
9781,1
9782,12
9783,0
9784,1
9785,0
9786,9
9787,15
9788,57
9789,34
9790,5
9791,0
9792,3
9793,15
9794,18
9795,16
9796,0
9797,14
9798,4
9799,1
9800,17
9801,90
9802,9
9803,18
9804,1
9805,51
9806,5
9807,5
9808,50
9809,3
9810,1
9811,18
9812,938
9813,1
9814,1
9815,5
9816,8
9817,1
9818,0
9819,2
9820,55
9821,1
9822,97
9823,1
9824,3
9825,3
9826,18
9827,1
9828,7
9829,6
9830,1
9831,2
9832,4
9833,4
9834,0
9835,1
9836,7
9837,5
9838,2
9839,46
9840,1
9841,9
9842,2
9843,2
9844,9
9845,6
9846,2
9847,6
9848,2
9849,12
9850,4
9851,13
9852,13
9853,254
9854,23
9855,1
9856,46
9857,0
9858,22
9859,8
9860,2
9861,1
9862,17
9863,163
9864,3
9865,1
9866,35
9867,0
9868,10
9869,1
9870,63
9871,1
9872,2
9873,28
9874,5
9875,7
9876,4
9877,2
9878,2
9879,2
9880,1
9881,134
9882,113
9883,3
9884,209
9885,1
9886,11
9887,9
9888,1
9889,1
9890,32
9891,3
9892,3
9893,0
9894,68
9895,27
9896,115
9897,0
9898,68
9899,2
9900,12
9901,1
9902,0
9903,0
9904,34
9905,4
9906,0
9907,15
9908,171
9909,37
9910,3
9911,5
9912,4
9913,20
9914,17
9915,29
9916,0
9917,1
9918,985
9919,5
9920,9
9921,40
9922,234
9923,8
9924,15
9925,0
9926,32
9927,2
9928,9
9929,6
9930,10
9931,111
9932,3
9933,10
9934,7
9935,7
9936,16
9937,0
9938,26
9939,2
9940,0
9941,24
9942,107
9943,24
9944,2
9945,0
9946,31
9947,4
9948,1
9949,4
9950,1
9951,110
9952,24
9953,0
9954,90
9955,0
9956,2
9957,61
9958,2
9959,389
9960,21
9961,1
9962,15
9963,17
9964,5
9965,5
9966,8
9967,3
9968,1
9969,95
9970,13
9971,0
9972,2098
9973,1
9974,13
9975,25
9976,9
9977,2
9978,71
9979,3
9980,14
9981,16
9982,4
9983,28
9984,51
9985,1
9986,14
9987,10
9988,68
9989,9
9990,4
9991,6
9992,2
9993,9
9994,4
9995,88
9996,21
9997,8
9998,1
9999,1
10000,12
10001,1
10002,1
10003,4
10004,0
10005,5
10006,0
10007,2366
10008,1
10009,0
10010,20
10011,1
10012,10
10013,13
10014,3
10015,1
10016,0
10017,8
10018,3
10019,0
10020,3
10021,9
10022,34
10023,1
10024,21
10025,13
10026,8
10027,67
10028,22
10029,61
10030,1
10031,13
10032,1
10033,3
10034,288
10035,2
10036,14
10037,8
10038,1
10039,3
10040,2
10041,18
10042,86
10043,3
10044,29
10045,11
10046,15
10047,7
10048,1
10049,7
10050,8
10051,14
10052,5
10053,1
10054,9
10055,36
10056,33
10057,10
10058,86
10059,1
10060,4
10061,93
10062,13
10063,8
10064,0
10065,2
10066,1
10067,342
10068,83
10069,4
10070,5
10071,45
10072,28
10073,6
10074,6
10075,0
10076,3
10077,4
10078,10
10079,35
10080,1
10081,1
10082,0
10083,4
10084,0
10085,4
10086,3
10087,21
10088,34
10089,7
10090,5
10091,2
10092,0
10093,2
10094,1
10095,183
10096,0
10097,6
10098,0
10099,5
10100,1
10101,1
10102,1
10103,8
10104,2
10105,5
10106,11
10107,41
10108,3
10109,22
10110,264
10111,36
10112,5
10113,2
10114,232
10115,4
10116,170
10117,17
10118,4
10119,0
10120,1
10121,1
10122,22
10123,30
10124,35
10125,41
10126,36
10127,16
10128,15
10129,10
10130,5
10131,3
10132,13
10133,0
10134,2
10135,50
10136,7
10137,513
10138,0
10139,1
10140,1
10141,0
10142,24
10143,0
10144,6
10145,1
10146,4
10147,28
10148,31
10149,17
10150,13
10151,3
10152,0
10153,10
10154,36
10155,19
10156,5
10157,51
10158,105
10159,41
10160,5
10161,1
10162,10
10163,87
10164,23
10165,3
10166,311
10167,19
10168,17
10169,6
10170,1
10171,1
10172,36
10173,1
10174,65
10175,13
10176,6
10177,19
10178,5
10179,0
10180,12
10181,1
10182,0
10183,1
10184,0
10185,0
10186,1
10187,1
10188,3
10189,2
10190,6
10191,0
10192,383
10193,5
10194,1
10195,1
10196,17
10197,3
10198,2
10199,2
10200,4
10201,24
10202,70
10203,7
10204,13
10205,0
10206,5
10207,102
10208,20
10209,10
10210,1035
10211,120
10212,32
10213,5
10214,17
10215,2
10216,2
10217,4
10218,1
10219,40
10220,32
10221,12
10222,21
10223,8
10224,13
10225,80
10226,22
10227,36
10228,11
10229,4
10230,24
10231,28
10232,12
10233,98
10234,71
10235,3
10236,13
10237,1
10238,112
10239,3
10240,10
10241,1
10242,44
10243,4
10244,1
10245,5
10246,1
10247,11
10248,71
10249,3
10250,0
10251,253
10252,0
10253,4
10254,25
10255,1
10256,5
10257,112
10258,20
10259,13
10260,35
10261,149
10262,1
10263,4
10264,9
10265,83
10266,271
10267,2
10268,0
10269,46
10270,630
10271,5
10272,1
10273,192
10274,12
10275,8
10276,1
10277,6
10278,86
10279,6
10280,3
10281,3
10282,62
10283,1
10284,2
10285,6
10286,0
10287,11
10288,8
10289,2
10290,5
10291,2
10292,17
10293,9
10294,1
10295,32
10296,481
10297,47
10298,35
10299,12
10300,7
10301,2
10302,4
10303,28
10304,1
10305,6
10306,11
10307,14
10308,20
10309,2
10310,3
10311,94
10312,10
10313,5
10314,3
10315,3
10316,6
10317,6
10318,5
10319,5
10320,9
10321,0
10322,4
10323,0
10324,20
10325,2
10326,0
10327,0
10328,0
10329,0
10330,4
10331,2
10332,7
10333,1
10334,27
10335,24
10336,25
10337,0
10338,1
10339,148
10340,20
10341,135
10342,2
10343,2
10344,1
10345,1
10346,13
10347,9
10348,2
10349,1
10350,19
10351,24
10352,0
10353,1
10354,0
10355,7
10356,6
10357,3
10358,43
10359,11
10360,0
10361,254
10362,0
10363,2081
10364,23
10365,15
10366,4
10367,13
10368,11
10369,0
10370,5
10371,7
10372,19
10373,13
10374,15
10375,7
10376,52
10377,25
10378,1
10379,129
10380,26
10381,190
10382,64
10383,16
10384,4
10385,12
10386,1
10387,15
10388,18
10389,10
10390,1
10391,111
10392,62
10393,430
10394,9
10395,16
10396,3
10397,6
10398,1
10399,27
10400,16
10401,5
10402,0
10403,0
10404,4
10405,49
10406,1
10407,19
10408,13
10409,2
10410,90
10411,1
10412,5
10413,1
10414,10
10415,9
10416,9
10417,4
10418,0
10419,4
10420,8
10421,2
10422,939
10423,0
10424,3
10425,12
10426,3
10427,0
10428,1
10429,56
10430,11
10431,7
10432,0
10433,0
10434,0
10435,24
10436,6
10437,7
10438,3
10439,5
10440,3
10441,4
10442,9
10443,0
10444,1
10445,13
10446,6
10447,1
10448,1
10449,0
10450,343
10451,8
10452,0
10453,27
10454,215
10455,48
10456,43
10457,22
10458,3
10459,3
10460,3
10461,6
10462,29
10463,9
10464,12
10465,3
10466,122
10467,1
10468,0
10469,0
10470,2
10471,21
10472,3
10473,15
10474,1
10475,5
10476,1
10477,1
10478,20
10479,0
10480,1
10481,0
10482,6
10483,4
10484,65
10485,6
10486,2
10487,12
10488,204
10489,18
10490,30
10491,8
10492,49
10493,5
10494,1
10495,4
10496,8
10497,24
10498,3
10499,7
10500,5
10501,3
10502,3
10503,136
10504,0
10505,2
10506,25
10507,24
10508,15
10509,11
10510,3
10511,8
10512,21
10513,6
10514,17
10515,11
10516,1
10517,1656
10518,7
10519,2
10520,34
10521,1
10522,7
10523,27
10524,9
10525,0
10526,110
10527,3
10528,6
10529,178
10530,0
10531,1
10532,0
10533,1
10534,37
10535,1
10536,0
10537,1112
10538,208
10539,23
10540,11
10541,19
10542,0
10543,118
10544,2
10545,17
10546,99
10547,6
10548,6
10549,1
10550,1
10551,0
10552,1
10553,1
10554,12
10555,119
10556,1
10557,21
10558,0
10559,679
10560,2
10561,6
10562,78
10563,3
10564,62
10565,5
10566,6
10567,11
10568,7
10569,0
10570,0
10571,0
10572,0
10573,1491
10574,8
10575,10
10576,9
10577,0
10578,25
10579,203
10580,18
10581,5
10582,4
10583,3
10584,6
10585,21
10586,1
10587,5
10588,0
10589,1
10590,1
10591,5
10592,7
10593,2
10594,14
10595,5
10596,3
10597,2
10598,6
10599,30
10600,2
10601,35
10602,0
10603,75
10604,0
10605,7
10606,2
10607,5
10608,0
10609,4
10610,2
10611,2
10612,2
10613,0
10614,6
10615,2
10616,1
10617,1
10618,1
10619,8
10620,1
10621,7
10622,9
10623,32
10624,4
10625,8
10626,3
10627,100
10628,2
10629,0
10630,2
10631,503
10632,14
10633,17
10634,1
10635,9
10636,1
10637,5
10638,46
10639,5
10640,61
10641,114
10642,32
10643,91
10644,10
10645,14
10646,31
10647,22
10648,3
10649,66
10650,1
10651,8
10652,9
10653,457
10654,49
10655,1
10656,6
10657,7
10658,76
10659,1
10660,2
10661,1
10662,157
10663,0
10664,5
10665,13
10666,120
10667,35
10668,17
10669,19
10670,20
10671,1
10672,24
10673,6
10674,6
10675,1
10676,23
10677,168
10678,4
10679,15
10680,10
10681,0
10682,7
10683,276
10684,4
10685,228
10686,11
10687,1
10688,1
10689,1
10690,89
10691,163
10692,26
10693,22
10694,3
10695,1
10696,8
10697,1
10698,1
10699,13
10700,13
10701,10
10702,215
10703,3
10704,0
10705,3
10706,3
10707,28
10708,1
10709,3
10710,4
10711,290
10712,11
10713,3
10714,54
10715,1519
10716,0
10717,5
10718,6
10719,16
10720,1
10721,48
10722,21
10723,18
10724,6
10725,27
10726,9
10727,76
10728,41
10729,0
10730,8
10731,1
10732,11
10733,6
10734,38
10735,6
10736,1
10737,13
10738,8
10739,2
10740,1
